Workbook

Sheet Сводная
A1: Наим. | B1: Стенка H | C1: Полка B1 | D1: Полка B2 | F1: Сечение профиля, | H1: Толщина металла, мм | I1: Геометрические характеристики полного поперечного сечения | T1: Масса 1 м.п. | U1: Теор. Ширина заготовки, мм | V1: момент инерции при свободном кручении для одиночного профиля | W1: момент инерции при свободном кручении для сдвоенного профиля | X1: Момент инерции Jy сдвоенного сечения (SCAD-Tonus)
F2: Тип | G2: Н/В1/В2, мм | I2: Площадь сечения | J2: Момент инерции | K2: Момент сопро- | L2: Момент инерции | M2: Момент сопр-я | N2: радиус инерции | P2: Положение центра тяжести
I4: Fp, | J4: Jx, | K4: Wx, | L4: Jy, | M4: Wy, | N4: rx, | O4: ry, | P4: x0, | Q4: x1, | R4: y0, | S4: y1,
I5: см2 | J5: см4 | K5: см3 | L5: см4 | M5: см3 | N5: см | O5: см | P5: см | Q5: см | R5: см | S5: см
A6: Z140x1,5 | B6: =Z!B2 -> 140 | C6: =Z!C2 -> 59.5 | D6: =Z!D2 -> 65.5 | E6: =Z!E2 -> 20 | F6: =Z!F2 -> Z140 | G6: =Z!G2 -> 140/59,5/65,5/20 | H6: =Z!H2 -> 1.5 | I6: =Z!I2 -> 4.37 | ... T6: =Z!T2 -> 3.42 | V6: =Z!V2 -> 0.0327 | W6: =Z!W2 -> 0.0654 | X6: =Z!X2 -> 406.5397
A7: ZR300x3,5 | B7: =ZR!B2 -> 300 | C7: =ZR!C2 -> 88 | D7: =ZR!D2 -> 96 | E7: =ZR!E2 -> 23.5 | F7: =ZR!F2 -> ZR300 | G7: =ZR!G2 -> 300/88/96/23,5 | H7: =ZR!H2 -> 3.5 | I7: =ZR!I2 -> 18.24 | ... T7: =ZR!T2 -> 14.41 | V7: =ZR!V2 -> 0.7478 | W7: =ZR!W2 -> 1.4956 | X7: =ZR!X2 -> 3871.9645
A8: SIGMA350x3,5 | B8: =S!B2 -> 350 | C8: =S!C2 -> 100 | D8: =S!D2 -> 100 | E8: =S!E2 -> 26 | F8: =S!F2 -> SIGMA350 | G8: =S!G2 -> 350/100/100/26 | H8: =S!H2 -> 3.5 | I8: =S!I2 -> 20.73 | ... T8: =S!T2 -> 16.26 | V8: =S!V2 -> 0.849 | W8: =S!W2 -> 1.699 | X8: =S!X2 -> 820.996
A9: C250x2,5 | B9: ='C'!B2 -> 250 | C9: ='C'!C2 -> 72 | D9: ='C'!D2 -> 72 | E9: ='C'!E2 -> 22 | F9: ='C'!F2 -> C250 | G9: ='C'!G2 -> 250/72/72/22 | H9: ='C'!H2 -> 2.5 | I9: ='C'!I2 -> 10.47 | ... T9: ='C'!T2 -> 8.22 | V9: ='C'!V2 -> 0.218 | W9: ='C'!W2 -> 0.436 | X9: ='C'!X2 -> 235.721
A11: Наим. | B11: Стенка H | C11: Полка B1 | D11: Полка B2 | E11: Отгибы С | F11: Сечение профиля, | H11: Толщина металла, мм | I11: Масса 1 п.м. | J11: Расчетные справочные величины для профилей при продольном сжатии | L11: Расчетные справочные величины при изгибе | AA11: Предел текучести
L12: В плоскости х - х | V12: В плоскости у - у
L13: Сжата полка В1 | Q13: Сжата полка В2
F14: Тип | G14: Н/В1/В2, мм | J14: Площадь сечения | K14: Радиус инерции | L14: Площадь сечения | M14: Момент инерции | N14: Момент инерции | O14: Радиус инерции | P14: Полож-е ц/т | Q14: Площадь сечения | R14: Момент инерции | S14: Момент сопр-я | T14: Радиус инерции | U14: Полож-е ц/т | V14: Площадь сечения | W14: Мом-ент инерции | X14: Момент сопр-я | Y14: Радиус инерции | Z14: Полож-е ц/т
J16: Fp, | K16: rmin, | L16: Fp, | M16: Jx, | N16: Wx, | O16: rx, | P16: y0, | Q16: Fp, | R16: Jx, | S16: Wx, | T16: rx, | U16: y0, | V16: Fp, | W16: Jy, | X16: Wy, | Y16: ry, | Z16: x0, | AA16: Ry
I17: кг | J17: см2 | K17: см | L17: см2 | M17: см4 | N17: см3 | O17: см | P17: см | Q17: см2 | R17: см4 | S17: см3 | T17: см | U17: см | V17: см2 | W17: см4 | X17: см3 | Y17: см | Z17: см | AA17: кг/см4
A18: Z250x2,5 | B18: =Z_R_280!B2 -> 250 | C18: =Z_R_280!C2 -> 68 | D18: =Z_R_280!D2 -> 79 | E18: =Z_R_280!E2 -> 22 | F18: =Z_R_280!F2 -> Z250 | G18: =Z_R_280!G2 -> 250/68/79/22 | H18: =Z_R_280!H2 -> 2.5 | I18: =Z_R_280!I2 -> 8.28 | ... Z18: =Z_R_280!Z2 -> 6.91 | AA18: C280
A19: =A18 -> Z250x2,5 | B19: =Z_R_350!B2 -> 250 | C19: =Z_R_350!C2 -> 68 | D19: =Z_R_350!D2 -> 79 | E19: =Z_R_350!E2 -> 22 | F19: =Z_R_350!F2 -> Z250 | G19: =Z_R_350!G2 -> 250/68/79/22 | H19: =Z_R_350!H2 -> 2.5 | I19: =Z_R_350!I2 -> 8.28 | ... Z19: =Z_R_350!Z2 -> 6.91 | AA19: С350
A20: =A18 -> Z250x2,5 | B20: =Z_R_390!B2 -> 250 | C20: =Z_R_390!C2 -> 68 | D20: =Z_R_390!D2 -> 79 | E20: =Z_R_390!E2 -> 22 | F20: =Z_R_390!F2 -> Z250 | G20: =Z_R_390!G2 -> 250/68/79/22 | H20: =Z_R_390!H2 -> 2.5 | I20: =Z_R_390!I2 -> 8.28 | ... Z20: =Z_R_390!Z2 -> 6.91 | AA20: С390
A21: =A18 -> Z250x2,5 | B21: =Z_R_420!B2 -> 250 | C21: =Z_R_420!C2 -> 68 | D21: =Z_R_420!D2 -> 79 | E21: =Z_R_420!E2 -> 22 | F21: =Z_R_420!F2 -> Z250 | G21: =Z_R_420!G2 -> 250/68/79/22 | H21: =Z_R_420!H2 -> 2.5 | I21: =Z_R_420!I2 -> 8.28 | ... Z21: =Z_R_420!Z2 -> 6.91 | AA21: С420
A22: =A18 -> Z250x2,5 | B22: =Z_R_450!B2 -> 250 | C22: =Z_R_450!C2 -> 68 | D22: =Z_R_450!D2 -> 79 | E22: =Z_R_450!E2 -> 22 | F22: =Z_R_450!F2 -> Z250 | G22: =Z_R_450!G2 -> 250/68/79/22 | H22: =Z_R_450!H2 -> 2.5 | I22: =Z_R_450!I2 -> 8.28 | ... Z22: =Z_R_450!Z2 -> 6.91 | AA22: С450
A23: ZR250x2,0 | B23: =ZR_R_350!B2 -> 250 | C23: =ZR_R_350!C2 -> 63 | D23: =ZR_R_350!D2 -> 73 | E23: =ZR_R_350!E2 -> 20 | F23: =ZR_R_350!F2 -> ZR250 | G23: =ZR_R_350!G2 -> 250/63/73/20 | H23: =ZR_R_350!H2 -> 2 | I23: =ZR_R_350!I2 -> 6.68 | ... Z23: =ZR_R_350!Z2 -> 6.13 | AA23: С350
A24: =A23 -> ZR250x2,0 | B24: =ZR_R_390!B2 -> 250 | C24: =ZR_R_390!C2 -> 63 | D24: =ZR_R_390!D2 -> 73 | E24: =ZR_R_390!E2 -> 20 | F24: =ZR_R_390!F2 -> ZR250 | G24: =ZR_R_390!G2 -> 250/63/73/20 | H24: =ZR_R_390!H2 -> 2 | I24: =ZR_R_390!I2 -> 6.68 | ... Z24: =ZR_R_390!Z2 -> 6.13 | AA24: С390
A25: =A23 -> ZR250x2,0 | B25: =ZR_R_420!B2 -> 250 | C25: =ZR_R_420!C2 -> 63 | D25: =ZR_R_420!D2 -> 73 | E25: =ZR_R_420!E2 -> 20 | F25: =ZR_R_420!F2 -> ZR250 | G25: =ZR_R_420!G2 -> 250/63/73/20 | H25: =ZR_R_420!H2 -> 2 | I25: =ZR_R_420!I2 -> 6.68 | ... Z25: =ZR_R_420!Z2 -> 6.13 | AA25: С420
A26: SIGMA350x3,5 | B26: =S_R_350!B2 -> 350 | C26: =S_R_350!C2 -> 100 | D26: =S_R_350!D2 -> 100 | E26: =S_R_350!E2 -> 26 | F26: =S_R_350!F2 -> SIGMA350 | G26: =S_R_350!G2 -> 350/100/100/26 | H26: =S_R_350!H2 -> 3.5 | I26: =S_R_350!I2 -> 16.26 | ... Z26: =S_R_350!Z2 -> 2.8 | AA26: С350
A27: =A26 -> SIGMA350x3,5 | B27: =S_R_390!B2 -> 350 | C27: =S_R_390!C2 -> 100 | D27: =S_R_390!D2 -> 100 | E27: =S_R_390!E2 -> 26 | F27: =S_R_390!F2 -> SIGMA350 | G27: =S_R_390!G2 -> 350/100/100/26 | H27: =S_R_390!H2 -> 3.5 | I27: =S_R_390!I2 -> 16.26 | ... Z27: =S_R_390!Z2 -> 2.84 | AA27: С390
A28: =A26 -> SIGMA350x3,5 | B28: =S_R_420!B2 -> 350 | C28: =S_R_420!C2 -> 100 | D28: =S_R_420!D2 -> 100 | E28: =S_R_420!E2 -> 26 | F28: =S_R_420!F2 -> SIGMA350 | G28: =S_R_420!G2 -> 350/100/100/26 | H28: =S_R_420!H2 -> 3.5 | I28: =S_R_420!I2 -> 16.26 | ... Z28: =S_R_420!Z2 -> 2.87 | AA28: С420
A29: C170x2,0 | B29: =C_R_350!B2 -> 170 | C29: =C_R_350!C2 -> 68 | D29: =C_R_350!D2 -> 68 | E29: =C_R_350!E2 -> 17 | F29: =C_R_350!F2 -> C170 | G29: =C_R_350!G2 -> 170/68/68/17 | H29: =C_R_350!H2 -> 2 | I29: =C_R_350!I2 -> 5.08 | ... Z29: =C_R_350!Z2 -> 2.68 | AA29: С350
A30: =A29 -> C170x2,0 | B30: =C_R_390!B2 -> 170 | C30: =C_R_390!C2 -> 68 | D30: =C_R_390!D2 -> 68 | E30: =C_R_390!E2 -> 17 | F30: =C_R_390!F2 -> C170 | G30: =C_R_390!G2 -> 170/68/68/17 | H30: =C_R_390!H2 -> 2 | I30: =C_R_390!I2 -> 5.08 | ... Z30: =C_R_390!Z2 -> 2.72 | AA30: С390
B33: Авп | C33: 18.28 | D33: =C33*2 -> 36.56 | E33: см2
B34: Iвп | C34: 2411.48 | D34: =C34*2 -> 4822.96 | E34: см4
B35: Анп | C35: 8.43 | D35: =C35*2 -> 16.86 | E35: см2
B36: Iнп | C36: 766.65 | D36: =C36*2 -> 1533.3 | E36: см4
B37: hф | D37: 162.5 | E37: см
B38: hнп | D38: 12.5 | E38: см
B40: yф | D40: =(D33*D37+D35*D38)/(D33+D35) -> 115.15818 | E40: см
B41: iф | D41: =D34+D36+D33*(D37-D40)^2+D35*(D40-D38)^2 -> 265978.8 | E41: см4

Sheet Z
A2: =Сводная!A6 -> Z140x1,5 | B2: =INDEX(B11:B48,MATCH($A$2,$A$11:$A$48)) -> 140 | C2: =INDEX(C11:C48,MATCH($A$2,$A$11:$A$48)) -> 59.5 | D2: =INDEX(D11:D48,MATCH($A$2,$A$11:$A$48)) -> 65.5 | E2: =INDEX(E11:E48,MATCH($A$2,$A$11:$A$48)) -> 20 | F2: =INDEX(F11:F48,MATCH($A$2,$A$11:$A$48)) -> Z140 | G2: =INDEX(G11:G48,MATCH($A$2,$A$11:$A$48)) -> 140/59,5/65,5/20 | H2: =INDEX(H11:H48,MATCH($A$2,$A$11:$A$48)) -> 1.5 | I2: =INDEX(I11:I48,MATCH($A$2,$A$11:$A$48)) -> 4.37 | ... X2: =INDEX(X11:X48,MATCH($A$2,$A$11:$A$48)) -> 406.5397
A6: Наименование | B6: Стенка H | C6: Полка B1 | D6: Полка B2 | E6: Отгибы С | F6: Сечение профиля | H6: Толщина металла t, мм | I6: Геометрические характеристики полного поперечного сечения | T6: Масса 1 м.п. | U6: Теор. Ширина заготовки, мм | V6: момент инерции при свободном кручении для одиночного профиля | W6: момент инерции при свободном кручении для сдвоенного профиля | X6: Момент инерции Jy сдвоенного сечения (SCAD-Tonus) | Z6: Внутр. круг | AA6: Внешн. круг | AB6: Стенка H | AC6: Полка B1 | AD6: Полка B2 | AE6: Отгибы C | AF6: Периметр профиля, см | AG6: Приведённая толщина, мм
F7: Тип | G7: Н/В1/В2/С, мм | I7: Площадь сечения | J7: Момент инерции | K7: Момент сопр-я | L7: Момент инерции | M7: Момент сопр-я | N7: радиус инерции | P7: Положение центра тяжести
I9: Fp, | J9: Jx, | K9: Wx, | L9: Jy, | M9: Wy, | N9: rx, | O9: ry, | P9: x0, | Q9: x1, | R9: y0, | S9: y1,
I10: см2 | J10: см4 | K10: см3 | L10: см4 | M10: см3 | N10: см | O10: см | P10: см | Q10: см | R10: см | S10: см
A11: =CONCATENATE(F11,"x",(IF(H11=INT(H11),CONCATENATE(H11,",",0),H11))) -> Z140x1,0 | B11: =LEFT(G11,3) -> 140 | C11: =VALUE(MID(G11,(SEARCH("/",G11,1)+1),(SEARCH("/",G11,(SEARCH("/",G11,1)+1))-SEARCH("/",G11,1)-1))) -> 59.5 | D11: =VALUE(MID(G11,(SEARCH("/",G11,(SEARCH("/",G11,1)+1))+1),(SEARCH("/",G11,SEARCH("/",G11,(SEARCH("/",G11,1)+1))+1))-(SEARCH("/",G11,(SEARCH("/",G11,1)+1))+1))) -> 65.5 | E11: =VALUE(MID(G11,(SEARCH("/",G11,SEARCH("/",G11,(SEARCH("/",G11,1)+1))+1)+1),4)) -> 20 | F11: =CONCATENATE("Z",LEFT(G11,3)) -> Z140 | G11: 140/59,5/65,5/20 | H11: 1 | I11: 2.94 | J11: 91.97 | K11: 12.87 | L11: 28.83 | M11: 4.55 | N11: 5.6 | O11: 3.13 | P11: 6.33 | Q11: 6.07 | R11: 6.86 | S11: 7.14 | T11: 2.38 | Z11: =2*PI()*4 -> 25.132741 | AA11: =2*PI()*(4+H11) -> 31.415927 | AB11: =B11-2*(4+$H11) -> 130 | AC11: =C11-2*(4+$H11) -> 49.5 | AD11: =D11-2*(4+$H11) -> 55.5 | AE11: =E11-(4+$H11) -> 15 | AF11: =(Z11+AA11+2*(AB11+AC11+AD11+2*AE11))/10 -> 58.654867 | AG11: =I11/AF11*10 -> 0.50123718
A12: =CONCATENATE(F12,"x",(IF(H12=INT(H12),CONCATENATE(H12,",",0),H12))) -> Z140x1,2 | B12: =LEFT(G12,3) -> 140 | C12: =VALUE(MID(G12,(SEARCH("/",G12,1)+1),(SEARCH("/",G12,(SEARCH("/",G12,1)+1))-SEARCH("/",G12,1)-1))) -> 59.5 | D12: =VALUE(MID(G12,(SEARCH("/",G12,(SEARCH("/",G12,1)+1))+1),(SEARCH("/",G12,SEARCH("/",G12,(SEARCH("/",G12,1)+1))+1))-(SEARCH("/",G12,(SEARCH("/",G12,1)+1))+1))) -> 65.5 | E12: =VALUE(MID(G12,(SEARCH("/",G12,SEARCH("/",G12,(SEARCH("/",G12,1)+1))+1)+1),4)) -> 20 | F12: =CONCATENATE("Z",LEFT(G12,3)) -> Z140 | G12: 140/59,5/65,5/20 | H12: 1.2 | I12: 3.51 | J12: 109.61 | K12: 15.34 | L12: 34.18 | M12: 5.41 | N12: 5.59 | O12: 3.12 | P12: 6.32 | Q12: 6.06 | R12: 6.86 | S12: 7.14 | T12: 2.83 | Z12: =2*PI()*4 -> 25.132741 | AA12: =2*PI()*(4+H12) -> 32.672564 | AB12: =B12-2*(4+$H12) -> 129.6 | AC12: =C12-2*(4+$H12) -> 49.1 | AD12: =D12-2*(4+$H12) -> 55.1 | AE12: =E12-(4+$H12) -> 14.8 | AF12: =(Z12+AA12+2*(AB12+AC12+AD12+2*AE12))/10 -> 58.46053 | AG12: =I12/AF12*10 -> 0.60040509
A13: =CONCATENATE(F13,"x",(IF(H13=INT(H13),CONCATENATE(H13,",",0),H13))) -> Z140x1,5 | B13: =LEFT(G13,3) -> 140 | C13: =VALUE(MID(G13,(SEARCH("/",G13,1)+1),(SEARCH("/",G13,(SEARCH("/",G13,1)+1))-SEARCH("/",G13,1)-1))) -> 59.5 | D13: =VALUE(MID(G13,(SEARCH("/",G13,(SEARCH("/",G13,1)+1))+1),(SEARCH("/",G13,SEARCH("/",G13,(SEARCH("/",G13,1)+1))+1))-(SEARCH("/",G13,(SEARCH("/",G13,1)+1))+1))) -> 65.5 | E13: =VALUE(MID(G13,(SEARCH("/",G13,SEARCH("/",G13,(SEARCH("/",G13,1)+1))+1)+1),4)) -> 20 | F13: =CONCATENATE("Z",LEFT(G13,3)) -> Z140 | G13: 140/59,5/65,5/20 | H13: 1.5 | I13: 4.37 | J13: 135.6 | K13: 18.98 | L13: 41.96 | M13: 6.49 | N13: 5.57 | O13: 3.1 | P13: 6.31 | Q13: 6.04 | R13: 6.86 | S13: 7.14 | T13: 3.42 | V13: 0.0327 | W13: 0.0654 | X13: 406.5397 | Z13: =2*PI()*4 -> 25.132741 | AA13: =2*PI()*(4+H13) -> 34.557519 | AB13: =B13-2*(4+$H13) -> 129 | AC13: =C13-2*(4+$H13) -> 48.5 | AD13: =D13-2*(4+$H13) -> 54.5 | AE13: =E13-(4+$H13) -> 14.5 | AF13: =(Z13+AA13+2*(AB13+AC13+AD13+2*AE13))/10 -> 58.169026 | AG13: =I13/AF13*10 -> 0.75125893
A14: =CONCATENATE(F14,"x",(IF(H14=INT(H14),CONCATENATE(H14,",",0),H14))) -> Z140x2,0 | B14: =LEFT(G14,3) -> 140 | C14: =VALUE(MID(G14,(SEARCH("/",G14,1)+1),(SEARCH("/",G14,(SEARCH("/",G14,1)+1))-SEARCH("/",G14,1)-1))) -> 59.5 | D14: =VALUE(MID(G14,(SEARCH("/",G14,(SEARCH("/",G14,1)+1))+1),(SEARCH("/",G14,SEARCH("/",G14,(SEARCH("/",G14,1)+1))+1))-(SEARCH("/",G14,(SEARCH("/",G14,1)+1))+1))) -> 65.5 | E14: =VALUE(MID(G14,(SEARCH("/",G14,SEARCH("/",G14,(SEARCH("/",G14,1)+1))+1)+1),4)) -> 20.5 | F14: =CONCATENATE("Z",LEFT(G14,3)) -> Z140 | G14: 140/59,5/65,5/20,5 | H14: 2 | I14: 5.79 | J14: 178.2 | K14: 24.94 | L14: 55 | M14: 8.48 | N14: 5.54 | O14: 3.08 | P14: 6.28 | Q14: 6.02 | R14: 6.86 | S14: 7.14 | T14: 4.54 | V14: 0.0771 | W14: 0.1542 | X14: 534.4921 | Z14: =2*PI()*4 -> 25.132741 | AA14: =2*PI()*(4+H14) -> 37.699112 | AB14: =B14-2*(4+$H14) -> 128 | AC14: =C14-2*(4+$H14) -> 47.5 | AD14: =D14-2*(4+$H14) -> 53.5 | AE14: =E14-(4+$H14) -> 14.5 | AF14: =(Z14+AA14+2*(AB14+AC14+AD14+2*AE14))/10 -> 57.883185 | AG14: =I14/AF14*10 -> 1.0002905
A15: =CONCATENATE(F15,"x",(IF(H15=INT(H15),CONCATENATE(H15,",",0),H15))) -> Z140x2,5 | B15: =LEFT(G15,3) -> 140 | C15: =VALUE(MID(G15,(SEARCH("/",G15,1)+1),(SEARCH("/",G15,(SEARCH("/",G15,1)+1))-SEARCH("/",G15,1)-1))) -> 59.5 | D15: =VALUE(MID(G15,(SEARCH("/",G15,(SEARCH("/",G15,1)+1))+1),(SEARCH("/",G15,SEARCH("/",G15,(SEARCH("/",G15,1)+1))+1))-(SEARCH("/",G15,(SEARCH("/",G15,1)+1))+1))) -> 65.5 | E15: =VALUE(MID(G15,(SEARCH("/",G15,SEARCH("/",G15,(SEARCH("/",G15,1)+1))+1)+1),4)) -> 21 | F15: =CONCATENATE("Z",LEFT(G15,3)) -> Z140 | G15: 140/59,5/65,5/21 | H15: 2.5 | I15: 7.2 | J15: 219.52 | K15: 30.73 | L15: 67.59 | M15: 10.38 | N15: 5.52 | O15: 3.06 | P15: 6.26 | Q15: 5.99 | R15: 6.86 | S15: 7.14 | T15: 5.65 | V15: 0.1498 | W15: 0.2996 | X15: 658.7509 | Z15: =2*PI()*4 -> 25.132741 | AA15: =2*PI()*(4+H15) -> 40.840704 | AB15: =B15-2*(4+$H15) -> 127 | AC15: =C15-2*(4+$H15) -> 46.5 | AD15: =D15-2*(4+$H15) -> 52.5 | AE15: =E15-(4+$H15) -> 14.5 | AF15: =(Z15+AA15+2*(AB15+AC15+AD15+2*AE15))/10 -> 57.597345 | AG15: =I15/AF15*10 -> 1.2500576
A16: =CONCATENATE(F16,"x",(IF(H16=INT(H16),CONCATENATE(H16,",",0),H16))) -> Z140x3,0 | B16: =LEFT(G16,3) -> 140 | C16: =VALUE(MID(G16,(SEARCH("/",G16,1)+1),(SEARCH("/",G16,(SEARCH("/",G16,1)+1))-SEARCH("/",G16,1)-1))) -> 59.5 | D16: =VALUE(MID(G16,(SEARCH("/",G16,(SEARCH("/",G16,1)+1))+1),(SEARCH("/",G16,SEARCH("/",G16,(SEARCH("/",G16,1)+1))+1))-(SEARCH("/",G16,(SEARCH("/",G16,1)+1))+1))) -> 65.5 | E16: =VALUE(MID(G16,(SEARCH("/",G16,SEARCH("/",G16,(SEARCH("/",G16,1)+1))+1)+1),4)) -> 22 | F16: =CONCATENATE("Z",LEFT(G16,3)) -> Z140 | G16: 140/59,5/65,5/22 | H16: 3 | I16: 8.63 | J16: 260.29 | K16: 36.44 | L16: 80.79 | M16: 12.36 | N16: 5.49 | O16: 3.06 | P16: 6.23 | Q16: 5.97 | R16: 6.86 | S16: 7.14 | T16: 6.77 | V16: 0.2584 | W16: 0.5169 | X16: 783.7617 | Z16: =2*PI()*4 -> 25.132741 | AA16: =2*PI()*(4+H16) -> 43.982297 | AB16: =B16-2*(4+$H16) -> 126 | AC16: =C16-2*(4+$H16) -> 45.5 | AD16: =D16-2*(4+$H16) -> 51.5 | AE16: =E16-(4+$H16) -> 15 | AF16: =(Z16+AA16+2*(AB16+AC16+AD16+2*AE16))/10 -> 57.511504 | AG16: =I16/AF16*10 -> 1.5005694
A17: =CONCATENATE(F17,"x",(IF(H17=INT(H17),CONCATENATE(H17,",",0),H17))) -> Z160x1,0 | B17: =LEFT(G17,3) -> 160 | C17: =VALUE(MID(G17,(SEARCH("/",G17,1)+1),(SEARCH("/",G17,(SEARCH("/",G17,1)+1))-SEARCH("/",G17,1)-1))) -> 59.5 | D17: =VALUE(MID(G17,(SEARCH("/",G17,(SEARCH("/",G17,1)+1))+1),(SEARCH("/",G17,SEARCH("/",G17,(SEARCH("/",G17,1)+1))+1))-(SEARCH("/",G17,(SEARCH("/",G17,1)+1))+1))) -> 65.5 | E17: =VALUE(MID(G17,(SEARCH("/",G17,SEARCH("/",G17,(SEARCH("/",G17,1)+1))+1)+1),4)) -> 20 | F17: =CONCATENATE("Z",LEFT(G17,3)) -> Z160 | G17: 160/59,5/65,5/20 | H17: 1 | I17: 3.14 | J17: 125.29 | K17: 15.36 | L17: 28.83 | M17: 4.55 | N17: 6.32 | O17: 3.03 | P17: 6.34 | Q17: 6.06 | R17: 7.85 | S17: 8.15 | T17: 2.54 | Z17: =2*PI()*4 -> 25.132741 | AA17: =2*PI()*(4+H17) -> 31.415927 | AB17: =B17-2*(4+$H17) -> 150 | AC17: =C17-2*(4+$H17) -> 49.5 | AD17: =D17-2*(4+$H17) -> 55.5 | AE17: =E17-(4+$H17) -> 15 | AF17: =(Z17+AA17+2*(AB17+AC17+AD17+2*AE17))/10 -> 62.654867 | AG17: =I17/AF17*10 -> 0.5011582
A18: =CONCATENATE(F18,"x",(IF(H18=INT(H18),CONCATENATE(H18,",",0),H18))) -> Z160x1,2 | B18: =LEFT(G18,3) -> 160 | C18: =VALUE(MID(G18,(SEARCH("/",G18,1)+1),(SEARCH("/",G18,(SEARCH("/",G18,1)+1))-SEARCH("/",G18,1)-1))) -> 59.5 | D18: =VALUE(MID(G18,(SEARCH("/",G18,(SEARCH("/",G18,1)+1))+1),(SEARCH("/",G18,SEARCH("/",G18,(SEARCH("/",G18,1)+1))+1))-(SEARCH("/",G18,(SEARCH("/",G18,1)+1))+1))) -> 65.5 | E18: =VALUE(MID(G18,(SEARCH("/",G18,SEARCH("/",G18,(SEARCH("/",G18,1)+1))+1)+1),4)) -> 20 | F18: =CONCATENATE("Z",LEFT(G18,3)) -> Z160 | G18: 160/59,5/65,5/20 | H18: 1.2 | I18: 3.75 | J18: 149.39 | K18: 18.32 | L18: 34.19 | M18: 5.4 | N18: 6.31 | O18: 3.02 | P18: 6.33 | Q18: 6.05 | R18: 7.85 | S18: 8.15 | T18: 3.02 | Z18: =2*PI()*4 -> 25.132741 | AA18: =2*PI()*(4+H18) -> 32.672564 | AB18: =B18-2*(4+$H18) -> 149.6 | AC18: =C18-2*(4+$H18) -> 49.1 | AD18: =D18-2*(4+$H18) -> 55.1 | AE18: =E18-(4+$H18) -> 14.8 | AF18: =(Z18+AA18+2*(AB18+AC18+AD18+2*AE18))/10 -> 62.46053 | AG18: =I18/AF18*10 -> 0.60037915
A19: =CONCATENATE(F19,"x",(IF(H19=INT(H19),CONCATENATE(H19,",",0),H19))) -> Z160x1,5 | B19: =LEFT(G19,3) -> 160 | C19: =VALUE(MID(G19,(SEARCH("/",G19,1)+1),(SEARCH("/",G19,(SEARCH("/",G19,1)+1))-SEARCH("/",G19,1)-1))) -> 59.5 | D19: =VALUE(MID(G19,(SEARCH("/",G19,(SEARCH("/",G19,1)+1))+1),(SEARCH("/",G19,SEARCH("/",G19,(SEARCH("/",G19,1)+1))+1))-(SEARCH("/",G19,(SEARCH("/",G19,1)+1))+1))) -> 65.5 | E19: =VALUE(MID(G19,(SEARCH("/",G19,SEARCH("/",G19,(SEARCH("/",G19,1)+1))+1)+1),4)) -> 20 | F19: =CONCATENATE("Z",LEFT(G19,3)) -> Z160 | G19: 160/59,5/65,5/20 | H19: 1.5 | I19: 4.67 | J19: 184.96 | K19: 22.68 | L19: 41.97 | M19: 6.48 | N19: 6.29 | O19: 3 | P19: 6.32 | Q19: 6.03 | R19: 7.85 | S19: 8.15 | T19: 3.66 | V19: 0.0349 | W19: 0.0699 | X19: 427.6042 | Z19: =2*PI()*4 -> 25.132741 | AA19: =2*PI()*(4+H19) -> 34.557519 | AB19: =B19-2*(4+$H19) -> 149 | AC19: =C19-2*(4+$H19) -> 48.5 | AD19: =D19-2*(4+$H19) -> 54.5 | AE19: =E19-(4+$H19) -> 14.5 | AF19: =(Z19+AA19+2*(AB19+AC19+AD19+2*AE19))/10 -> 62.169026 | AG19: =I19/AF19*10 -> 0.75117793
A20: =CONCATENATE(F20,"x",(IF(H20=INT(H20),CONCATENATE(H20,",",0),H20))) -> Z160x2,0 | B20: =LEFT(G20,3) -> 160 | C20: =VALUE(MID(G20,(SEARCH("/",G20,1)+1),(SEARCH("/",G20,(SEARCH("/",G20,1)+1))-SEARCH("/",G20,1)-1))) -> 59.5 | D20: =VALUE(MID(G20,(SEARCH("/",G20,(SEARCH("/",G20,1)+1))+1),(SEARCH("/",G20,SEARCH("/",G20,(SEARCH("/",G20,1)+1))+1))-(SEARCH("/",G20,(SEARCH("/",G20,1)+1))+1))) -> 65.5 | E20: =VALUE(MID(G20,(SEARCH("/",G20,SEARCH("/",G20,(SEARCH("/",G20,1)+1))+1)+1),4)) -> 20.5 | F20: =CONCATENATE("Z",LEFT(G20,3)) -> Z160 | G20: 160/59,5/65,5/20,5 | H20: 2 | I20: 6.19 | J20: 243.39 | K20: 29.85 | L20: 55.01 | M20: 8.47 | N20: 6.27 | O20: 2.98 | P20: 6.29 | Q20: 6.01 | R20: 7.85 | S20: 8.15 | T20: 4.86 | V20: 0.0824 | W20: 0.1648 | X20: 562.3428 | Z20: =2*PI()*4 -> 25.132741 | AA20: =2*PI()*(4+H20) -> 37.699112 | AB20: =B20-2*(4+$H20) -> 148 | AC20: =C20-2*(4+$H20) -> 47.5 | AD20: =D20-2*(4+$H20) -> 53.5 | AE20: =E20-(4+$H20) -> 14.5 | AF20: =(Z20+AA20+2*(AB20+AC20+AD20+2*AE20))/10 -> 61.883185 | AG20: =I20/AF20*10 -> 1.0002717
A21: =CONCATENATE(F21,"x",(IF(H21=INT(H21),CONCATENATE(H21,",",0),H21))) -> Z160x2,5 | B21: =LEFT(G21,3) -> 160 | C21: =VALUE(MID(G21,(SEARCH("/",G21,1)+1),(SEARCH("/",G21,(SEARCH("/",G21,1)+1))-SEARCH("/",G21,1)-1))) -> 59.5 | D21: =VALUE(MID(G21,(SEARCH("/",G21,(SEARCH("/",G21,1)+1))+1),(SEARCH("/",G21,SEARCH("/",G21,(SEARCH("/",G21,1)+1))+1))-(SEARCH("/",G21,(SEARCH("/",G21,1)+1))+1))) -> 65.5 | E21: =VALUE(MID(G21,(SEARCH("/",G21,SEARCH("/",G21,(SEARCH("/",G21,1)+1))+1)+1),4)) -> 21 | F21: =CONCATENATE("Z",LEFT(G21,3)) -> Z160 | G21: 160/59,5/65,5/21 | H21: 2.5 | I21: 7.7 | J21: 300.24 | K21: 36.82 | L21: 67.6 | M21: 10.36 | N21: 6.24 | O21: 2.96 | P21: 6.27 | Q21: 5.98 | R21: 7.85 | S21: 8.15 | T21: 6.04 | V21: 0.1602 | W21: 0.3204 | X21: 693.2717 | Z21: =2*PI()*4 -> 25.132741 | AA21: =2*PI()*(4+H21) -> 40.840704 | AB21: =B21-2*(4+$H21) -> 147 | AC21: =C21-2*(4+$H21) -> 46.5 | AD21: =D21-2*(4+$H21) -> 52.5 | AE21: =E21-(4+$H21) -> 14.5 | AF21: =(Z21+AA21+2*(AB21+AC21+AD21+2*AE21))/10 -> 61.597345 | AG21: =I21/AF21*10 -> 1.2500539
A22: =CONCATENATE(F22,"x",(IF(H22=INT(H22),CONCATENATE(H22,",",0),H22))) -> Z160x3,0 | B22: =LEFT(G22,3) -> 160 | C22: =VALUE(MID(G22,(SEARCH("/",G22,1)+1),(SEARCH("/",G22,(SEARCH("/",G22,1)+1))-SEARCH("/",G22,1)-1))) -> 59.5 | D22: =VALUE(MID(G22,(SEARCH("/",G22,(SEARCH("/",G22,1)+1))+1),(SEARCH("/",G22,SEARCH("/",G22,(SEARCH("/",G22,1)+1))+1))-(SEARCH("/",G22,(SEARCH("/",G22,1)+1))+1))) -> 65.5 | E22: =VALUE(MID(G22,(SEARCH("/",G22,SEARCH("/",G22,(SEARCH("/",G22,1)+1))+1)+1),4)) -> 22 | F22: =CONCATENATE("Z",LEFT(G22,3)) -> Z160 | G22: 160/59,5/65,5/22 | H22: 3 | I22: 9.23 | J22: 356.55 | K22: 43.73 | L22: 80.81 | M22: 12.34 | N22: 6.21 | O22: 2.95 | P22: 6.24 | Q22: 5.96 | R22: 7.85 | S22: 8.15 | T22: 7.24 | V22: 0.2764 | W22: 0.5529 | X22: 824.8377 | Z22: =2*PI()*4 -> 25.132741 | AA22: =2*PI()*(4+H22) -> 43.982297 | AB22: =B22-2*(4+$H22) -> 146 | AC22: =C22-2*(4+$H22) -> 45.5 | AD22: =D22-2*(4+$H22) -> 51.5 | AE22: =E22-(4+$H22) -> 15 | AF22: =(Z22+AA22+2*(AB22+AC22+AD22+2*AE22))/10 -> 61.511504 | AG22: =I22/AF22*10 -> 1.5005323
A23: =CONCATENATE(F23,"x",(IF(H23=INT(H23),CONCATENATE(H23,",",0),H23))) -> Z200x1,0 | B23: =LEFT(G23,3) -> 200 | C23: =VALUE(MID(G23,(SEARCH("/",G23,1)+1),(SEARCH("/",G23,(SEARCH("/",G23,1)+1))-SEARCH("/",G23,1)-1))) -> 59.5 | D23: =VALUE(MID(G23,(SEARCH("/",G23,(SEARCH("/",G23,1)+1))+1),(SEARCH("/",G23,SEARCH("/",G23,(SEARCH("/",G23,1)+1))+1))-(SEARCH("/",G23,(SEARCH("/",G23,1)+1))+1))) -> 65.5 | E23: =VALUE(MID(G23,(SEARCH("/",G23,SEARCH("/",G23,(SEARCH("/",G23,1)+1))+1)+1),4)) -> 20 | F23: =CONCATENATE("Z",LEFT(G23,3)) -> Z200 | G23: 200/59,5/65,5/20 | H23: 1 | I23: 3.54 | J23: 211.12 | K23: 20.76 | L23: 28.84 | M23: 4.54 | N23: 7.73 | O23: 2.85 | P23: 6.36 | Q23: 6.04 | R23: 9.84 | S23: 10.16 | T23: 2.87 | Z23: =2*PI()*4 -> 25.132741 | AA23: =2*PI()*(4+H23) -> 31.415927 | AB23: =B23-2*(4+$H23) -> 190 | AC23: =C23-2*(4+$H23) -> 49.5 | AD23: =D23-2*(4+$H23) -> 55.5 | AE23: =E23-(4+$H23) -> 15 | AF23: =(Z23+AA23+2*(AB23+AC23+AD23+2*AE23))/10 -> 70.654867 | AG23: =I23/AF23*10 -> 0.50102706
A24: =CONCATENATE(F24,"x",(IF(H24=INT(H24),CONCATENATE(H24,",",0),H24))) -> Z200x1,2 | B24: =LEFT(G24,3) -> 200 | C24: =VALUE(MID(G24,(SEARCH("/",G24,1)+1),(SEARCH("/",G24,(SEARCH("/",G24,1)+1))-SEARCH("/",G24,1)-1))) -> 59.5 | D24: =VALUE(MID(G24,(SEARCH("/",G24,(SEARCH("/",G24,1)+1))+1),(SEARCH("/",G24,SEARCH("/",G24,(SEARCH("/",G24,1)+1))+1))-(SEARCH("/",G24,(SEARCH("/",G24,1)+1))+1))) -> 65.5 | E24: =VALUE(MID(G24,(SEARCH("/",G24,SEARCH("/",G24,(SEARCH("/",G24,1)+1))+1)+1),4)) -> 20 | F24: =CONCATENATE("Z",LEFT(G24,3)) -> Z200 | G24: 200/59,5/65,5/20 | H24: 1.2 | I24: 4.23 | J24: 251.92 | K24: 24.77 | L24: 34.2 | M24: 5.39 | N24: 7.71 | O24: 2.84 | P24: 6.35 | Q24: 6.03 | R24: 9.84 | S24: 10.16 | T24: 3.41 | Z24: =2*PI()*4 -> 25.132741 | AA24: =2*PI()*(4+H24) -> 32.672564 | AB24: =B24-2*(4+$H24) -> 189.6 | AC24: =C24-2*(4+$H24) -> 49.1 | AD24: =D24-2*(4+$H24) -> 55.1 | AE24: =E24-(4+$H24) -> 14.8 | AF24: =(Z24+AA24+2*(AB24+AC24+AD24+2*AE24))/10 -> 70.46053 | AG24: =I24/AF24*10 -> 0.6003361
A25: =CONCATENATE(F25,"x",(IF(H25=INT(H25),CONCATENATE(H25,",",0),H25))) -> Z200x1,5 | B25: =LEFT(G25,3) -> 200 | C25: =VALUE(MID(G25,(SEARCH("/",G25,1)+1),(SEARCH("/",G25,(SEARCH("/",G25,1)+1))-SEARCH("/",G25,1)-1))) -> 59.5 | D25: =VALUE(MID(G25,(SEARCH("/",G25,(SEARCH("/",G25,1)+1))+1),(SEARCH("/",G25,SEARCH("/",G25,(SEARCH("/",G25,1)+1))+1))-(SEARCH("/",G25,(SEARCH("/",G25,1)+1))+1))) -> 65.5 | E25: =VALUE(MID(G25,(SEARCH("/",G25,SEARCH("/",G25,(SEARCH("/",G25,1)+1))+1)+1),4)) -> 20 | F25: =CONCATENATE("Z",LEFT(G25,3)) -> Z200 | G25: 200/59,5/65,5/20 | H25: 1.5 | I25: 5.27 | J25: 312.23 | K25: 30.7 | L25: 41.98 | M25: 6.47 | N25: 7.7 | O25: 2.82 | P25: 6.34 | Q25: 6.01 | R25: 9.84 | S25: 10.16 | T25: 4.13 | V25: 0.0394 | W25: 0.0789 | X25: 469.7332 | Z25: =2*PI()*4 -> 25.132741 | AA25: =2*PI()*(4+H25) -> 34.557519 | AB25: =B25-2*(4+$H25) -> 189 | AC25: =C25-2*(4+$H25) -> 48.5 | AD25: =D25-2*(4+$H25) -> 54.5 | AE25: =E25-(4+$H25) -> 14.5 | AF25: =(Z25+AA25+2*(AB25+AC25+AD25+2*AE25))/10 -> 70.169026 | AG25: =I25/AF25*10 -> 0.75104363
A26: =CONCATENATE(F26,"x",(IF(H26=INT(H26),CONCATENATE(H26,",",0),H26))) -> Z200x2,0 | B26: =LEFT(G26,3) -> 200 | C26: =VALUE(MID(G26,(SEARCH("/",G26,1)+1),(SEARCH("/",G26,(SEARCH("/",G26,1)+1))-SEARCH("/",G26,1)-1))) -> 59.5 | D26: =VALUE(MID(G26,(SEARCH("/",G26,(SEARCH("/",G26,1)+1))+1),(SEARCH("/",G26,SEARCH("/",G26,(SEARCH("/",G26,1)+1))+1))-(SEARCH("/",G26,(SEARCH("/",G26,1)+1))+1))) -> 65.5 | E26: =VALUE(MID(G26,(SEARCH("/",G26,SEARCH("/",G26,(SEARCH("/",G26,1)+1))+1)+1),4)) -> 20.5 | F26: =CONCATENATE("Z",LEFT(G26,3)) -> Z200 | G26: 200/59,5/65,5/20,5 | H26: 2 | I26: 6.99 | J26: 411.68 | K26: 40.48 | L26: 55.03 | M26: 8.45 | N26: 7.67 | O26: 2.8 | P26: 6.31 | Q26: 5.99 | R26: 9.84 | S26: 10.16 | T26: 5.49 | V26: 0.0931 | W26: 0.1862 | X26: 618.0441 | Z26: =2*PI()*4 -> 25.132741 | AA26: =2*PI()*(4+H26) -> 37.699112 | AB26: =B26-2*(4+$H26) -> 188 | AC26: =C26-2*(4+$H26) -> 47.5 | AD26: =D26-2*(4+$H26) -> 53.5 | AE26: =E26-(4+$H26) -> 14.5 | AF26: =(Z26+AA26+2*(AB26+AC26+AD26+2*AE26))/10 -> 69.883185 | AG26: =I26/AF26*10 -> 1.0002406
A27: =CONCATENATE(F27,"x",(IF(H27=INT(H27),CONCATENATE(H27,",",0),H27))) -> Z200x2,5 | B27: =LEFT(G27,3) -> 200 | C27: =VALUE(MID(G27,(SEARCH("/",G27,1)+1),(SEARCH("/",G27,(SEARCH("/",G27,1)+1))-SEARCH("/",G27,1)-1))) -> 59.5 | D27: =VALUE(MID(G27,(SEARCH("/",G27,(SEARCH("/",G27,1)+1))+1),(SEARCH("/",G27,SEARCH("/",G27,(SEARCH("/",G27,1)+1))+1))-(SEARCH("/",G27,(SEARCH("/",G27,1)+1))+1))) -> 65.5 | E27: =VALUE(MID(G27,(SEARCH("/",G27,SEARCH("/",G27,(SEARCH("/",G27,1)+1))+1)+1),4)) -> 21 | F27: =CONCATENATE("Z",LEFT(G27,3)) -> Z200 | G27: 200/59,5/65,5/21 | H27: 2.5 | I27: 8.7 | J27: 508.87 | K27: 50.03 | L27: 67.63 | M27: 10.34 | N27: 7.64 | O27: 2.78 | P27: 6.29 | Q27: 5.96 | R27: 9.83 | S27: 10.17 | T27: 6.83 | V27: 0.181 | W27: 0.3621 | X27: 762.3134 | Z27: =2*PI()*4 -> 25.132741 | AA27: =2*PI()*(4+H27) -> 40.840704 | AB27: =B27-2*(4+$H27) -> 187 | AC27: =C27-2*(4+$H27) -> 46.5 | AD27: =D27-2*(4+$H27) -> 52.5 | AE27: =E27-(4+$H27) -> 14.5 | AF27: =(Z27+AA27+2*(AB27+AC27+AD27+2*AE27))/10 -> 69.597345 | AG27: =I27/AF27*10 -> 1.2500477
A28: =CONCATENATE(F28,"x",(IF(H28=INT(H28),CONCATENATE(H28,",",0),H28))) -> Z200x3,0 | B28: =LEFT(G28,3) -> 200 | C28: =VALUE(MID(G28,(SEARCH("/",G28,1)+1),(SEARCH("/",G28,(SEARCH("/",G28,1)+1))-SEARCH("/",G28,1)-1))) -> 59.5 | D28: =VALUE(MID(G28,(SEARCH("/",G28,(SEARCH("/",G28,1)+1))+1),(SEARCH("/",G28,SEARCH("/",G28,(SEARCH("/",G28,1)+1))+1))-(SEARCH("/",G28,(SEARCH("/",G28,1)+1))+1))) -> 65.5 | E28: =VALUE(MID(G28,(SEARCH("/",G28,SEARCH("/",G28,(SEARCH("/",G28,1)+1))+1)+1),4)) -> 22 | F28: =CONCATENATE("Z",LEFT(G28,3)) -> Z200 | G28: 200/59,5/65,5/22 | H28: 3 | I28: 10.43 | J28: 605.64 | K28: 59.55 | L28: 80.84 | M28: 12.31 | N28: 7.62 | O28: 2.78 | P28: 6.26 | Q28: 5.94 | R28: 9.83 | S28: 10.17 | T28: 8.18 | V28: 0.3124 | W28: 0.6249 | X28: 906.9897 | Z28: =2*PI()*4 -> 25.132741 | AA28: =2*PI()*(4+H28) -> 43.982297 | AB28: =B28-2*(4+$H28) -> 186 | AC28: =C28-2*(4+$H28) -> 45.5 | AD28: =D28-2*(4+$H28) -> 51.5 | AE28: =E28-(4+$H28) -> 15 | AF28: =(Z28+AA28+2*(AB28+AC28+AD28+2*AE28))/10 -> 69.511504 | AG28: =I28/AF28*10 -> 1.5004711
A29: =CONCATENATE(F29,"x",(IF(H29=INT(H29),CONCATENATE(H29,",",0),H29))) -> Z200x3,5 | B29: =LEFT(G29,3) -> 200 | C29: =VALUE(MID(G29,(SEARCH("/",G29,1)+1),(SEARCH("/",G29,(SEARCH("/",G29,1)+1))-SEARCH("/",G29,1)-1))) -> 59.5 | D29: =VALUE(MID(G29,(SEARCH("/",G29,(SEARCH("/",G29,1)+1))+1),(SEARCH("/",G29,SEARCH("/",G29,(SEARCH("/",G29,1)+1))+1))-(SEARCH("/",G29,(SEARCH("/",G29,1)+1))+1))) -> 65.5 | E29: =VALUE(MID(G29,(SEARCH("/",G29,SEARCH("/",G29,(SEARCH("/",G29,1)+1))+1)+1),4)) -> 23 | F29: =CONCATENATE("Z",LEFT(G29,3)) -> Z200 | G29: 200/59,5/65,5/23 | H29: 3.5 | I29: 12.15 | J29: 700.71 | K29: 68.9 | L29: 93.93 | M29: 14.25 | N29: 7.59 | O29: 2.78 | P29: 6.24 | Q29: 5.91 | R29: 9.84 | S29: 10.16 | T29: 9.54 | Z29: =2*PI()*4 -> 25.132741 | AA29: =2*PI()*(4+H29) -> 47.12389 | AB29: =B29-2*(4+$H29) -> 185 | AC29: =C29-2*(4+$H29) -> 44.5 | AD29: =D29-2*(4+$H29) -> 50.5 | AE29: =E29-(4+$H29) -> 15.5 | AF29: =(Z29+AA29+2*(AB29+AC29+AD29+2*AE29))/10 -> 69.425663 | AG29: =I29/AF29*10 -> 1.7500733
A30: =CONCATENATE(F30,"x",(IF(H30=INT(H30),CONCATENATE(H30,",",0),H30))) -> Z250x1,0 | B30: =LEFT(G30,3) -> 250 | C30: =VALUE(MID(G30,(SEARCH("/",G30,1)+1),(SEARCH("/",G30,(SEARCH("/",G30,1)+1))-SEARCH("/",G30,1)-1))) -> 67 | D30: =VALUE(MID(G30,(SEARCH("/",G30,(SEARCH("/",G30,1)+1))+1),(SEARCH("/",G30,SEARCH("/",G30,(SEARCH("/",G30,1)+1))+1))-(SEARCH("/",G30,(SEARCH("/",G30,1)+1))+1))) -> 78 | E30: =VALUE(MID(G30,(SEARCH("/",G30,SEARCH("/",G30,(SEARCH("/",G30,1)+1))+1)+1),4)) -> 21.5 | F30: =CONCATENATE("Z",LEFT(G30,3)) -> Z250 | G30: 250/67/78/21,5 | H30: 1 | I30: 4.27 | J30: 392.49 | K30: 30.61 | L30: 44.14 | M30: 5.88 | N30: 9.59 | O30: 3.21 | P30: 7.51 | Q30: 6.89 | R30: 12.18 | S30: 12.82 | T30: 3.46 | Z30: =2*PI()*4 -> 25.132741 | AA30: =2*PI()*(4+H30) -> 31.415927 | AB30: =B30-2*(4+$H30) -> 240 | AC30: =C30-2*(4+$H30) -> 57 | AD30: =D30-2*(4+$H30) -> 68 | AE30: =E30-(4+$H30) -> 16.5 | AF30: =(Z30+AA30+2*(AB30+AC30+AD30+2*AE30))/10 -> 85.254867 | AG30: =I30/AF30*10 -> 0.50085117
A31: =CONCATENATE(F31,"x",(IF(H31=INT(H31),CONCATENATE(H31,",",0),H31))) -> Z250x1,2 | B31: =LEFT(G31,3) -> 250 | C31: =VALUE(MID(G31,(SEARCH("/",G31,1)+1),(SEARCH("/",G31,(SEARCH("/",G31,1)+1))-SEARCH("/",G31,1)-1))) -> 67 | D31: =VALUE(MID(G31,(SEARCH("/",G31,(SEARCH("/",G31,1)+1))+1),(SEARCH("/",G31,SEARCH("/",G31,(SEARCH("/",G31,1)+1))+1))-(SEARCH("/",G31,(SEARCH("/",G31,1)+1))+1))) -> 78 | E31: =VALUE(MID(G31,(SEARCH("/",G31,SEARCH("/",G31,(SEARCH("/",G31,1)+1))+1)+1),4)) -> 21.5 | F31: =CONCATENATE("Z",LEFT(G31,3)) -> Z250 | G31: 250/67/78/21,5 | H31: 1.2 | I31: 5.11 | J31: 468.78 | K31: 36.56 | L31: 52.42 | M31: 6.99 | N31: 9.58 | O31: 3.2 | P31: 7.5 | Q31: 6.88 | R31: 12.18 | S31: 12.82 | T31: 4.12 | Z31: =2*PI()*4 -> 25.132741 | AA31: =2*PI()*(4+H31) -> 32.672564 | AB31: =B31-2*(4+$H31) -> 239.6 | AC31: =C31-2*(4+$H31) -> 56.6 | AD31: =D31-2*(4+$H31) -> 67.6 | AE31: =E31-(4+$H31) -> 16.3 | AF31: =(Z31+AA31+2*(AB31+AC31+AD31+2*AE31))/10 -> 85.06053 | AG31: =I31/AF31*10 -> 0.60074866
A32: =CONCATENATE(F32,"x",(IF(H32=INT(H32),CONCATENATE(H32,",",0),H32))) -> Z250x1,5 | B32: =LEFT(G32,3) -> 250 | C32: =VALUE(MID(G32,(SEARCH("/",G32,1)+1),(SEARCH("/",G32,(SEARCH("/",G32,1)+1))-SEARCH("/",G32,1)-1))) -> 67 | D32: =VALUE(MID(G32,(SEARCH("/",G32,(SEARCH("/",G32,1)+1))+1),(SEARCH("/",G32,SEARCH("/",G32,(SEARCH("/",G32,1)+1))+1))-(SEARCH("/",G32,(SEARCH("/",G32,1)+1))+1))) -> 78 | E32: =VALUE(MID(G32,(SEARCH("/",G32,SEARCH("/",G32,(SEARCH("/",G32,1)+1))+1)+1),4)) -> 21.5 | F32: =CONCATENATE("Z",LEFT(G32,3)) -> Z250 | G32: 250/67/78/21,5 | H32: 1.5 | I32: 6.36 | J32: 581.84 | K32: 45.37 | L32: 64.5 | M32: 8.44 | N32: 9.56 | O32: 3.18 | P32: 7.49 | Q32: 6.86 | R32: 12.18 | S32: 12.82 | T32: 4.99 | V32: 0.0476 | W32: 0.0953 | X32: 734.9701 | Z32: =2*PI()*4 -> 25.132741 | AA32: =2*PI()*(4+H32) -> 34.557519 | AB32: =B32-2*(4+$H32) -> 239 | AC32: =C32-2*(4+$H32) -> 56 | AD32: =D32-2*(4+$H32) -> 67 | AE32: =E32-(4+$H32) -> 16 | AF32: =(Z32+AA32+2*(AB32+AC32+AD32+2*AE32))/10 -> 84.769026 | AG32: =I32/AF32*10 -> 0.75027404
A33: =CONCATENATE(F33,"x",(IF(H33=INT(H33),CONCATENATE(H33,",",0),H33))) -> Z250x2,0 | B33: =LEFT(G33,3) -> 250 | C33: =VALUE(MID(G33,(SEARCH("/",G33,1)+1),(SEARCH("/",G33,(SEARCH("/",G33,1)+1))-SEARCH("/",G33,1)-1))) -> 67 | D33: =VALUE(MID(G33,(SEARCH("/",G33,(SEARCH("/",G33,1)+1))+1),(SEARCH("/",G33,SEARCH("/",G33,(SEARCH("/",G33,1)+1))+1))-(SEARCH("/",G33,(SEARCH("/",G33,1)+1))+1))) -> 78 | E33: =VALUE(MID(G33,(SEARCH("/",G33,SEARCH("/",G33,(SEARCH("/",G33,1)+1))+1)+1),4)) -> 21.5 | F33: =CONCATENATE("Z",LEFT(G33,3)) -> Z250 | G33: 250/67/78/21,5 | H33: 2 | I33: 8.43 | J33: 766.65 | K33: 59.78 | L33: 83.77 | M33: 10.92 | N33: 9.53 | O33: 3.15 | P33: 7.46 | Q33: 6.84 | R33: 12.18 | S33: 12.82 | T33: 6.62 | V33: 0.1123 | W33: 0.2246 | X33: 964.766 | Z33: =2*PI()*4 -> 25.132741 | AA33: =2*PI()*(4+H33) -> 37.699112 | AB33: =B33-2*(4+$H33) -> 238 | AC33: =C33-2*(4+$H33) -> 55 | AD33: =D33-2*(4+$H33) -> 66 | AE33: =E33-(4+$H33) -> 15.5 | AF33: =(Z33+AA33+2*(AB33+AC33+AD33+2*AE33))/10 -> 84.283185 | AG33: =I33/AF33*10 -> 1.0001995
A34: =CONCATENATE(F34,"x",(IF(H34=INT(H34),CONCATENATE(H34,",",0),H34))) -> Z250x2,5 | B34: =LEFT(G34,3) -> 250 | C34: =VALUE(MID(G34,(SEARCH("/",G34,1)+1),(SEARCH("/",G34,(SEARCH("/",G34,1)+1))-SEARCH("/",G34,1)-1))) -> 68 | D34: =VALUE(MID(G34,(SEARCH("/",G34,(SEARCH("/",G34,1)+1))+1),(SEARCH("/",G34,SEARCH("/",G34,(SEARCH("/",G34,1)+1))+1))-(SEARCH("/",G34,(SEARCH("/",G34,1)+1))+1))) -> 79 | E34: =VALUE(MID(G34,(SEARCH("/",G34,SEARCH("/",G34,(SEARCH("/",G34,1)+1))+1)+1),4)) -> 22 | F34: =CONCATENATE("Z",LEFT(G34,3)) -> Z250 | G34: 250/68/79/22 | H34: 2.5 | I34: 10.55 | J34: 957.29 | K34: 74.65 | L34: 106.98 | M34: 13.73 | N34: 9.52 | O34: 3.18 | P34: 7.54 | Q34: 6.91 | R34: 12.18 | S34: 12.82 | T34: 8.28 | V34: 0.2196 | W34: 0.4392 | X34: 1234.036 | Z34: =2*PI()*4 -> 25.132741 | AA34: =2*PI()*(4+H34) -> 40.840704 | AB34: =B34-2*(4+$H34) -> 237 | AC34: =C34-2*(4+$H34) -> 55 | AD34: =D34-2*(4+$H34) -> 66 | AE34: =E34-(4+$H34) -> 15.5 | AF34: =(Z34+AA34+2*(AB34+AC34+AD34+2*AE34))/10 -> 84.397345 | AG34: =I34/AF34*10 -> 1.2500393
A35: =CONCATENATE(F35,"x",(IF(H35=INT(H35),CONCATENATE(H35,",",0),H35))) -> Z250x3,0 | B35: =LEFT(G35,3) -> 250 | C35: =VALUE(MID(G35,(SEARCH("/",G35,1)+1),(SEARCH("/",G35,(SEARCH("/",G35,1)+1))-SEARCH("/",G35,1)-1))) -> 69 | D35: =VALUE(MID(G35,(SEARCH("/",G35,(SEARCH("/",G35,1)+1))+1),(SEARCH("/",G35,SEARCH("/",G35,(SEARCH("/",G35,1)+1))+1))-(SEARCH("/",G35,(SEARCH("/",G35,1)+1))+1))) -> 80 | E35: =VALUE(MID(G35,(SEARCH("/",G35,SEARCH("/",G35,(SEARCH("/",G35,1)+1))+1)+1),4)) -> 22.5 | F35: =CONCATENATE("Z",LEFT(G35,3)) -> Z250 | G35: 250/69/80/22,5 | H35: 3 | I35: 12.68 | J35: 1147.5 | K35: 89.49 | L35: 131.16 | M35: 16.57 | N35: 9.51 | O35: 3.21 | P35: 7.61 | Q35: 6.99 | R35: 12.18 | S35: 12.82 | T35: 9.95 | V35: 0.3799 | W35: 0.7599 | X35: 1514.9835 | Z35: =2*PI()*4 -> 25.132741 | AA35: =2*PI()*(4+H35) -> 43.982297 | AB35: =B35-2*(4+$H35) -> 236 | AC35: =C35-2*(4+$H35) -> 55 | AD35: =D35-2*(4+$H35) -> 66 | AE35: =E35-(4+$H35) -> 15.5 | AF35: =(Z35+AA35+2*(AB35+AC35+AD35+2*AE35))/10 -> 84.511504 | AG35: =I35/AF35*10 -> 1.5003875
A36: =CONCATENATE(F36,"x",(IF(H36=INT(H36),CONCATENATE(H36,",",0),H36))) -> Z300x2,0 | B36: =LEFT(G36,3) -> 300 | C36: =VALUE(MID(G36,(SEARCH("/",G36,1)+1),(SEARCH("/",G36,(SEARCH("/",G36,1)+1))-SEARCH("/",G36,1)-1))) -> 85 | D36: =VALUE(MID(G36,(SEARCH("/",G36,(SEARCH("/",G36,1)+1))+1),(SEARCH("/",G36,SEARCH("/",G36,(SEARCH("/",G36,1)+1))+1))-(SEARCH("/",G36,(SEARCH("/",G36,1)+1))+1))) -> 93 | E36: =VALUE(MID(G36,(SEARCH("/",G36,SEARCH("/",G36,(SEARCH("/",G36,1)+1))+1)+1),4)) -> 29.5 | F36: =CONCATENATE("Z",LEFT(G36,3)) -> Z300 | G36: 300/85/93/29,5 | H36: 2 | I36: 10.41 | J36: 1382.43 | K36: 90.77 | L36: 167.92 | M36: 18.2 | N36: 11.52 | O36: 4.01 | P36: 9.02 | Q36: 8.58 | R36: 14.78 | S36: 15.22 | T36: 8.17 | V36: 0.1387 | W36: 0.2774 | X36: 1882.4297 | Z36: =2*PI()*4 -> 25.132741 | AA36: =2*PI()*(4+H36) -> 37.699112 | AB36: =B36-2*(4+$H36) -> 288 | AC36: =C36-2*(4+$H36) -> 73 | AD36: =D36-2*(4+$H36) -> 81 | AE36: =E36-(4+$H36) -> 23.5 | AF36: =(Z36+AA36+2*(AB36+AC36+AD36+2*AE36))/10 -> 104.08319 | AG36: =I36/AF36*10 -> 1.0001616
A37: =CONCATENATE(F37,"x",(IF(H37=INT(H37),CONCATENATE(H37,",",0),H37))) -> Z300x2,5 | B37: =LEFT(G37,3) -> 300 | C37: =VALUE(MID(G37,(SEARCH("/",G37,1)+1),(SEARCH("/",G37,(SEARCH("/",G37,1)+1))-SEARCH("/",G37,1)-1))) -> 86 | D37: =VALUE(MID(G37,(SEARCH("/",G37,(SEARCH("/",G37,1)+1))+1),(SEARCH("/",G37,SEARCH("/",G37,(SEARCH("/",G37,1)+1))+1))-(SEARCH("/",G37,(SEARCH("/",G37,1)+1))+1))) -> 94 | E37: =VALUE(MID(G37,(SEARCH("/",G37,SEARCH("/",G37,(SEARCH("/",G37,1)+1))+1)+1),4)) -> 30 | F37: =CONCATENATE("Z",LEFT(G37,3)) -> Z300 | G37: 300/86/94/30 | H37: 2.5 | I37: 13.03 | J37: 1726.2 | K37: 113.35 | L37: 213.52 | M37: 22.84 | N37: 11.51 | O37: 4.04 | P37: 9.09 | Q37: 8.66 | R37: 14.78 | S37: 15.22 | T37: 10.22 | V37: 0.2712 | W37: 0.5423 | X37: 2396.4253 | Z37: =2*PI()*4 -> 25.132741 | AA37: =2*PI()*(4+H37) -> 40.840704 | AB37: =B37-2*(4+$H37) -> 287 | AC37: =C37-2*(4+$H37) -> 73 | AD37: =D37-2*(4+$H37) -> 81 | AE37: =E37-(4+$H37) -> 23.5 | AF37: =(Z37+AA37+2*(AB37+AC37+AD37+2*AE37))/10 -> 104.19734 | AG37: =I37/AF37*10 -> 1.2505117
A38: =CONCATENATE(F38,"x",(IF(H38=INT(H38),CONCATENATE(H38,",",0),H38))) -> Z300x3,0 | B38: =LEFT(G38,3) -> 300 | C38: =VALUE(MID(G38,(SEARCH("/",G38,1)+1),(SEARCH("/",G38,(SEARCH("/",G38,1)+1))-SEARCH("/",G38,1)-1))) -> 87 | D38: =VALUE(MID(G38,(SEARCH("/",G38,(SEARCH("/",G38,1)+1))+1),(SEARCH("/",G38,SEARCH("/",G38,(SEARCH("/",G38,1)+1))+1))-(SEARCH("/",G38,(SEARCH("/",G38,1)+1))+1))) -> 95 | E38: =VALUE(MID(G38,(SEARCH("/",G38,SEARCH("/",G38,(SEARCH("/",G38,1)+1))+1)+1),4)) -> 30.5 | F38: =CONCATENATE("Z",LEFT(G38,3)) -> Z300 | G38: 300/87/95/30,5 | H38: 3 | I38: 15.65 | J38: 2069.22 | K38: 135.88 | L38: 260.62 | M38: 27.51 | N38: 11.49 | O38: 4.08 | P38: 9.17 | Q38: 8.73 | R38: 14.78 | S38: 15.22 | T38: 12.28 | V38: 0.469 | W38: 0.9381 | X38: 2928.325 | Z38: =2*PI()*4 -> 25.132741 | AA38: =2*PI()*(4+H38) -> 43.982297 | AB38: =B38-2*(4+$H38) -> 286 | AC38: =C38-2*(4+$H38) -> 73 | AD38: =D38-2*(4+$H38) -> 81 | AE38: =E38-(4+$H38) -> 23.5 | AF38: =(Z38+AA38+2*(AB38+AC38+AD38+2*AE38))/10 -> 104.3115 | AG38: =I38/AF38*10 -> 1.5003139
A39: =CONCATENATE(F39,"x",(IF(H39=INT(H39),CONCATENATE(H39,",",0),H39))) -> Z300x3,5 | B39: =LEFT(G39,3) -> 300 | C39: =VALUE(MID(G39,(SEARCH("/",G39,1)+1),(SEARCH("/",G39,(SEARCH("/",G39,1)+1))-SEARCH("/",G39,1)-1))) -> 88 | D39: =VALUE(MID(G39,(SEARCH("/",G39,(SEARCH("/",G39,1)+1))+1),(SEARCH("/",G39,SEARCH("/",G39,(SEARCH("/",G39,1)+1))+1))-(SEARCH("/",G39,(SEARCH("/",G39,1)+1))+1))) -> 96 | E39: =VALUE(MID(G39,(SEARCH("/",G39,SEARCH("/",G39,(SEARCH("/",G39,1)+1))+1)+1),4)) -> 31 | F39: =CONCATENATE("Z",LEFT(G39,3)) -> Z300 | G39: 300/88/96/31 | H39: 3.5 | I39: 18.28 | J39: 2411.48 | K39: 158.36 | L39: 309.25 | M39: 32.22 | N39: 11.48 | O39: 4.11 | P39: 9.24 | Q39: 8.81 | R39: 14.78 | S39: 15.22 | T39: 14.35 | V39: 0.7456 | W39: 1.4912 | X39: 3478.4051 | Z39: =2*PI()*4 -> 25.132741 | AA39: =2*PI()*(4+H39) -> 47.12389 | AB39: =B39-2*(4+$H39) -> 285 | AC39: =C39-2*(4+$H39) -> 73 | AD39: =D39-2*(4+$H39) -> 81 | AE39: =E39-(4+$H39) -> 23.5 | AF39: =(Z39+AA39+2*(AB39+AC39+AD39+2*AE39))/10 -> 104.42566 | AG39: =I39/AF39*10 -> 1.7505275
A40: =CONCATENATE(F40,"x",(IF(H40=INT(H40),CONCATENATE(H40,",",0),H40))) -> Z350x2,0 | B40: =LEFT(G40,3) -> 350 | C40: =VALUE(MID(G40,(SEARCH("/",G40,1)+1),(SEARCH("/",G40,(SEARCH("/",G40,1)+1))-SEARCH("/",G40,1)-1))) -> 85 | D40: =VALUE(MID(G40,(SEARCH("/",G40,(SEARCH("/",G40,1)+1))+1),(SEARCH("/",G40,SEARCH("/",G40,(SEARCH("/",G40,1)+1))+1))-(SEARCH("/",G40,(SEARCH("/",G40,1)+1))+1))) -> 93 | E40: =VALUE(MID(G40,(SEARCH("/",G40,SEARCH("/",G40,(SEARCH("/",G40,1)+1))+1)+1),4)) -> 29.5 | F40: =CONCATENATE("Z",LEFT(G40,3)) -> Z350 | G40: 350/85/93/29,5 | H40: 2 | I40: 11.41 | J40: 1994.66 | K40: 112.41 | L40: 167.95 | M40: 18.17 | N40: 13.22 | O40: 3.83 | P40: 9.04 | Q40: 8.56 | R40: 17.26 | S40: 17.74 | T40: 8.96 | V40: 0.152 | W40: 0.304 | X40: 2025.2414 | Z40: =2*PI()*4 -> 25.132741 | AA40: =2*PI()*(4+H40) -> 37.699112 | AB40: =B40-2*(4+$H40) -> 338 | AC40: =C40-2*(4+$H40) -> 73 | AD40: =D40-2*(4+$H40) -> 81 | AE40: =E40-(4+$H40) -> 23.5 | AF40: =(Z40+AA40+2*(AB40+AC40+AD40+2*AE40))/10 -> 114.08319 | AG40: =I40/AF40*10 -> 1.0001474
A41: =CONCATENATE(F41,"x",(IF(H41=INT(H41),CONCATENATE(H41,",",0),H41))) -> Z350x2,5 | B41: =LEFT(G41,3) -> 350 | C41: =VALUE(MID(G41,(SEARCH("/",G41,1)+1),(SEARCH("/",G41,(SEARCH("/",G41,1)+1))-SEARCH("/",G41,1)-1))) -> 86 | D41: =VALUE(MID(G41,(SEARCH("/",G41,(SEARCH("/",G41,1)+1))+1),(SEARCH("/",G41,SEARCH("/",G41,(SEARCH("/",G41,1)+1))+1))-(SEARCH("/",G41,(SEARCH("/",G41,1)+1))+1))) -> 94 | E41: =VALUE(MID(G41,(SEARCH("/",G41,SEARCH("/",G41,(SEARCH("/",G41,1)+1))+1)+1),4)) -> 30 | F41: =CONCATENATE("Z",LEFT(G41,3)) -> Z350 | G41: 350/86/94/30 | H41: 2.5 | I41: 14.28 | J41: 2491.77 | K41: 140.43 | L41: 213.56 | M41: 22.8 | N41: 13.21 | O41: 3.86 | P41: 9.11 | Q41: 8.64 | R41: 17.26 | S41: 17.74 | T41: 11.21 | V41: 0.2972 | W41: 0.5944 | X41: 2578.1274 | Z41: =2*PI()*4 -> 25.132741 | AA41: =2*PI()*(4+H41) -> 40.840704 | AB41: =B41-2*(4+$H41) -> 337 | AC41: =C41-2*(4+$H41) -> 73 | AD41: =D41-2*(4+$H41) -> 81 | AE41: =E41-(4+$H41) -> 23.5 | AF41: =(Z41+AA41+2*(AB41+AC41+AD41+2*AE41))/10 -> 114.19734 | AG41: =I41/AF41*10 -> 1.2504669
A42: =CONCATENATE(F42,"x",(IF(H42=INT(H42),CONCATENATE(H42,",",0),H42))) -> Z350x3,0 | B42: =LEFT(G42,3) -> 350 | C42: =VALUE(MID(G42,(SEARCH("/",G42,1)+1),(SEARCH("/",G42,(SEARCH("/",G42,1)+1))-SEARCH("/",G42,1)-1))) -> 87 | D42: =VALUE(MID(G42,(SEARCH("/",G42,(SEARCH("/",G42,1)+1))+1),(SEARCH("/",G42,SEARCH("/",G42,(SEARCH("/",G42,1)+1))+1))-(SEARCH("/",G42,(SEARCH("/",G42,1)+1))+1))) -> 95 | E42: =VALUE(MID(G42,(SEARCH("/",G42,SEARCH("/",G42,(SEARCH("/",G42,1)+1))+1)+1),4)) -> 30.5 | F42: =CONCATENATE("Z",LEFT(G42,3)) -> Z350 | G42: 350/87/95/30,5 | H42: 3 | I42: 17.15 | J42: 2988.23 | K42: 168.41 | L42: 260.67 | M42: 27.47 | N42: 13.2 | O42: 3.89 | P42: 9.18 | Q42: 8.72 | R42: 17.26 | S42: 17.74 | T42: 13.46 | V42: 0.514 | W42: 1.0281 | X42: 3150.2275 | Z42: =2*PI()*4 -> 25.132741 | AA42: =2*PI()*(4+H42) -> 43.982297 | AB42: =B42-2*(4+$H42) -> 336 | AC42: =C42-2*(4+$H42) -> 73 | AD42: =D42-2*(4+$H42) -> 81 | AE42: =E42-(4+$H42) -> 23.5 | AF42: =(Z42+AA42+2*(AB42+AC42+AD42+2*AE42))/10 -> 114.3115 | AG42: =I42/AF42*10 -> 1.5002864
A43: =CONCATENATE(F43,"x",(IF(H43=INT(H43),CONCATENATE(H43,",",0),H43))) -> Z350x3,5 | B43: =LEFT(G43,3) -> 350 | C43: =VALUE(MID(G43,(SEARCH("/",G43,1)+1),(SEARCH("/",G43,(SEARCH("/",G43,1)+1))-SEARCH("/",G43,1)-1))) -> 88 | D43: =VALUE(MID(G43,(SEARCH("/",G43,(SEARCH("/",G43,1)+1))+1),(SEARCH("/",G43,SEARCH("/",G43,(SEARCH("/",G43,1)+1))+1))-(SEARCH("/",G43,(SEARCH("/",G43,1)+1))+1))) -> 96 | E43: =VALUE(MID(G43,(SEARCH("/",G43,SEARCH("/",G43,(SEARCH("/",G43,1)+1))+1)+1),4)) -> 31 | F43: =CONCATENATE("Z",LEFT(G43,3)) -> Z350 | G43: 350/88/96/31 | H43: 3.5 | I43: 20.03 | J43: 3484.03 | K43: 196.36 | L43: 309.32 | M43: 32.17 | N43: 13.19 | O43: 3.93 | P43: 9.26 | Q43: 8.79 | R43: 17.26 | S43: 17.74 | T43: 15.72 | V43: 0.8171 | W43: 1.6342 | X43: 3741.8355 | Z43: =2*PI()*4 -> 25.132741 | AA43: =2*PI()*(4+H43) -> 47.12389 | AB43: =B43-2*(4+$H43) -> 335 | AC43: =C43-2*(4+$H43) -> 73 | AD43: =D43-2*(4+$H43) -> 81 | AE43: =E43-(4+$H43) -> 23.5 | AF43: =(Z43+AA43+2*(AB43+AC43+AD43+2*AE43))/10 -> 114.42566 | AG43: =I43/AF43*10 -> 1.7504814
... A47: =CONCATENATE(F47,"x",(IF(H47=INT(H47),CONCATENATE(H47,",",0),H47))) -> Z400x3,5 | B47: =LEFT(G47,3) -> 400 | C47: =VALUE(MID(G47,(SEARCH("/",G47,1)+1),(SEARCH("/",G47,(SEARCH("/",G47,1)+1))-SEARCH("/",G47,1)-1))) -> 88 | D47: =VALUE(MID(G47,(SEARCH("/",G47,(SEARCH("/",G47,1)+1))+1),(SEARCH("/",G47,SEARCH("/",G47,(SEARCH("/",G47,1)+1))+1))-(SEARCH("/",G47,(SEARCH("/",G47,1)+1))+1))) -> 96 | E47: =VALUE(MID(G47,(SEARCH("/",G47,SEARCH("/",G47,(SEARCH("/",G47,1)+1))+1)+1),4)) -> 31 | F47: =CONCATENATE("Z",LEFT(G47,3)) -> Z400 | G47: 400/88/96/31 | H47: 3.5 | I47: 21.78 | J47: 4806.87 | K47: 237.31 | L47: 309.38 | M47: 32.14 | N47: 14.85 | O47: 3.76 | P47: 9.27 | Q47: 8.78 | R47: 19.75 | S47: 20.25 | T47: 17.09 | V47: 0.8885 | W47: 1.7771 | X47: 4005.2659 | Z47: =2*PI()*4 -> 25.132741 | AA47: =2*PI()*(4+H47) -> 47.12389 | AB47: =B47-2*(4+$H47) -> 385 | AC47: =C47-2*(4+$H47) -> 73 | AD47: =D47-2*(4+$H47) -> 81 | AE47: =E47-(4+$H47) -> 23.5 | AF47: =(Z47+AA47+2*(AB47+AC47+AD47+2*AE47))/10 -> 124.42566 | AG47: =I47/AF47*10 -> 1.7504428
A48: =CONCATENATE(F48,"x",(IF(H48=INT(H48),CONCATENATE(H48,",",0),H48))) -> Z400x4,0 | B48: =LEFT(G48,3) -> 400 | C48: =VALUE(MID(G48,(SEARCH("/",G48,1)+1),(SEARCH("/",G48,(SEARCH("/",G48,1)+1))-SEARCH("/",G48,1)-1))) -> 89 | D48: =VALUE(MID(G48,(SEARCH("/",G48,(SEARCH("/",G48,1)+1))+1),(SEARCH("/",G48,SEARCH("/",G48,(SEARCH("/",G48,1)+1))+1))-(SEARCH("/",G48,(SEARCH("/",G48,1)+1))+1))) -> 97 | E48: =VALUE(MID(G48,(SEARCH("/",G48,SEARCH("/",G48,(SEARCH("/",G48,1)+1))+1)+1),4)) -> 31.5 | F48: =CONCATENATE("Z",LEFT(G48,3)) -> Z400 | G48: 400/89/97/31,5 | H48: 4 | I48: 24.91 | J48: 5491.68 | K48: 271.13 | L48: 359.6 | M48: 36.88 | N48: 14.84 | O48: 3.79 | P48: 9.35 | Q48: 8.85 | R48: 19.75 | S48: 20.25 | T48: 19.55 | Z48: =2*PI()*4 -> 25.132741 | AA48: =2*PI()*(4+H48) -> 50.265482 | AB48: =B48-2*(4+$H48) -> 384 | AC48: =C48-2*(4+$H48) -> 73 | AD48: =D48-2*(4+$H48) -> 81 | AE48: =E48-(4+$H48) -> 23.5 | AF48: =(Z48+AA48+2*(AB48+AC48+AD48+2*AE48))/10 -> 124.53982 | AG48: =I48/AF48*10 -> 2.0001634

Sheet C
A2: =Сводная!A9 -> C250x2,5 | B2: =INDEX(B11:B52,MATCH($A$2,$A$11:$A$52)) -> 250 | C2: =INDEX(C11:C52,MATCH($A$2,$A$11:$A$52)) -> 72 | D2: =INDEX(D11:D52,MATCH($A$2,$A$11:$A$52)) -> 72 | E2: =INDEX(E11:E52,MATCH($A$2,$A$11:$A$52)) -> 22 | F2: =INDEX(F11:F52,MATCH($A$2,$A$11:$A$52)) -> C250 | G2: =INDEX(G11:G52,MATCH($A$2,$A$11:$A$52)) -> 250/72/72/22 | H2: =INDEX(H11:H52,MATCH($A$2,$A$11:$A$52)) -> 2.5 | I2: =INDEX(I11:I52,MATCH($A$2,$A$11:$A$52)) -> 10.47 | ... X2: =INDEX(X11:X52,MATCH($A$2,$A$11:$A$52)) -> 235.721
A6: Наименование | B6: Стенка H | C6: Полка B1 | D6: Полка B2 | E6: Отгибы С | F6: Сечение профиля, | H6: Толщина металла t, мм | I6: Геометрические характеристики полного поперечного сечения | T6: Масса 1 м.п. | U6: Теор. Ширина заготовки, мм | V6: момент инерции при свободном кручении Jt для одиночного профиля | W6: момент инерции при свободном кручении Jt для сдвоенного профиля через сухарь | X6: Момент инерции Jy сдвоенного сечения через сухарь (SCAD-Tonus) | Y6: момент инерции при свободном кручении Jt для сдвоенного профиля через трубу 80 | Z6: Момент инерции Jy сдвоенного сечения через трубу 80 (SCAD-Tonus) | AB6: Внутр. круг | AC6: Внешн. круг | AD6: Стенка H | AE6: Полка B1 | AF6: Полка B2 | AG6: Отгибы C | AH6: Периметр профиля, см | AI6: Приведённая толщина, мм
F7: Тип | G7: Н/В1/В2/С, мм | I7: Площадь сечения | J7: Момент инерции | K7: Момент сопро-я | L7: Момент инерции | M7: Момент сопр-я | N7: радиус инерции | P7: Положение центра тяжести
I9: Fp, | J9: Jx, | K9: Wx, | L9: Jy, | M9: Wy, | N9: rx, | O9: ry, | P9: x0, | Q9: x1, | R9: y0, | S9: y1,
I10: см2 | J10: см4 | K10: см3 | L10: см4 | M10: см3 | N10: см | O10: см | P10: см | Q10: см | R10: см | S10: см
A11: =CONCATENATE(F11,"x",(IF(H11=INT(H11),CONCATENATE(H11,",",0),H11))) -> C140x1,0 | B11: =LEFT(G11,3) -> 140 | C11: =VALUE(MID(G11,(SEARCH("/",G11,1)+1),(SEARCH("/",G11,(SEARCH("/",G11,1)+1))-SEARCH("/",G11,1)-1))) -> 68 | D11: =VALUE(MID(G11,(SEARCH("/",G11,(SEARCH("/",G11,1)+1))+1),(SEARCH("/",G11,SEARCH("/",G11,(SEARCH("/",G11,1)+1))+1))-(SEARCH("/",G11,(SEARCH("/",G11,1)+1))+1))) -> 68 | E11: =VALUE(MID(G11,(SEARCH("/",G11,SEARCH("/",G11,(SEARCH("/",G11,1)+1))+1)+1),4)) -> 15.5 | F11: =CONCATENATE("C",LEFT(G11,3)) -> C140 | G11: 140/68/68/15,5 | H11: 1 | I11: 2.95 | J11: 94.86 | K11: 13.55 | L11: 18.87 | M11: 4.07 | N11: 5.66 | O11: 2.52 | P11: 2.17 | R11: 7 | T11: 2.4 | AB11: =2*PI()*4 -> 25.132741 | AC11: =2*PI()*(4+H11) -> 31.415927 | AD11: =B11-2*(4+$H11) -> 130 | AE11: =C11-2*(4+$H11) -> 58 | AF11: =D11-2*(4+$H11) -> 58 | AG11: =E11-(4+$H11) -> 10.5 | AH11: =(AB11+AC11+2*(AD11+AE11+AF11+2*AG11))/10 -> 59.054867 | AI11: =I11/AH11*10 -> 0.49953546
A12: =CONCATENATE(F12,"x",(IF(H12=INT(H12),CONCATENATE(H12,",",0),H12))) -> C140x1,2 | B12: =LEFT(G12,3) -> 140 | C12: =VALUE(MID(G12,(SEARCH("/",G12,1)+1),(SEARCH("/",G12,(SEARCH("/",G12,1)+1))-SEARCH("/",G12,1)-1))) -> 68 | D12: =VALUE(MID(G12,(SEARCH("/",G12,(SEARCH("/",G12,1)+1))+1),(SEARCH("/",G12,SEARCH("/",G12,(SEARCH("/",G12,1)+1))+1))-(SEARCH("/",G12,(SEARCH("/",G12,1)+1))+1))) -> 68 | E12: =VALUE(MID(G12,(SEARCH("/",G12,SEARCH("/",G12,(SEARCH("/",G12,1)+1))+1)+1),4)) -> 15.5 | F12: =CONCATENATE("C",LEFT(G12,3)) -> C140 | G12: 140/68/68/15,5 | H12: 1.2 | I12: 3.53 | J12: 113.04 | K12: 16.14 | L12: 22.59 | M12: 4.87 | N12: 5.65 | O12: 2.52 | P12: 2.17 | R12: 7 | T12: 2.86 | AB12: =2*PI()*4 -> 25.132741 | AC12: =2*PI()*(4+H12) -> 32.672564 | AD12: =B12-2*(4+$H12) -> 129.6 | AE12: =C12-2*(4+$H12) -> 57.6 | AF12: =D12-2*(4+$H12) -> 57.6 | AG12: =E12-(4+$H12) -> 10.3 | AH12: =(AB12+AC12+2*(AD12+AE12+AF12+2*AG12))/10 -> 58.86053 | AI12: =I12/AH12*10 -> 0.59972276
A13: =CONCATENATE(F13,"x",(IF(H13=INT(H13),CONCATENATE(H13,",",0),H13))) -> C140x1,5 | B13: =LEFT(G13,3) -> 140 | C13: =VALUE(MID(G13,(SEARCH("/",G13,1)+1),(SEARCH("/",G13,(SEARCH("/",G13,1)+1))-SEARCH("/",G13,1)-1))) -> 68 | D13: =VALUE(MID(G13,(SEARCH("/",G13,(SEARCH("/",G13,1)+1))+1),(SEARCH("/",G13,SEARCH("/",G13,(SEARCH("/",G13,1)+1))+1))-(SEARCH("/",G13,(SEARCH("/",G13,1)+1))+1))) -> 68 | E13: =VALUE(MID(G13,(SEARCH("/",G13,SEARCH("/",G13,(SEARCH("/",G13,1)+1))+1)+1),4)) -> 15.5 | F13: =CONCATENATE("C",LEFT(G13,3)) -> C140 | G13: 140/68/68/15,5 | H13: 1.5 | I13: 4.39 | J13: 139.92 | K13: 19.98 | L13: 27.07 | M13: 5.83 | N13: 5.64 | O13: 2.48 | P13: 2.16 | R13: 7 | T13: 3.45 | V13: 0.033 | W13: 0.066 | X13: 104.999 | AB13: =2*PI()*4 -> 25.132741 | AC13: =2*PI()*(4+H13) -> 34.557519 | AD13: =B13-2*(4+$H13) -> 129 | AE13: =C13-2*(4+$H13) -> 57 | AF13: =D13-2*(4+$H13) -> 57 | AG13: =E13-(4+$H13) -> 10 | AH13: =(AB13+AC13+2*(AD13+AE13+AF13+2*AG13))/10 -> 58.569026 | AI13: =I13/AH13*10 -> 0.74954294
A14: =CONCATENATE(F14,"x",(IF(H14=INT(H14),CONCATENATE(H14,",",0),H14))) -> C140x2,0 | B14: =LEFT(G14,3) -> 140 | C14: =VALUE(MID(G14,(SEARCH("/",G14,1)+1),(SEARCH("/",G14,(SEARCH("/",G14,1)+1))-SEARCH("/",G14,1)-1))) -> 68 | D14: =VALUE(MID(G14,(SEARCH("/",G14,(SEARCH("/",G14,1)+1))+1),(SEARCH("/",G14,SEARCH("/",G14,(SEARCH("/",G14,1)+1))+1))-(SEARCH("/",G14,(SEARCH("/",G14,1)+1))+1))) -> 68 | E14: =VALUE(MID(G14,(SEARCH("/",G14,SEARCH("/",G14,(SEARCH("/",G14,1)+1))+1)+1),4)) -> 17 | F14: =CONCATENATE("C",LEFT(G14,3)) -> C140 | G14: 140/68/68/17 | H14: 2 | I14: 5.86 | J14: 185.12 | K14: 26.44 | L14: 36.33 | M14: 7.91 | N14: 5.61 | O14: 2.48 | P14: 2.21 | R14: 7 | T14: 4.61 | V14: 0.078 | W14: 0.156 | X14: 140.301 | AB14: =2*PI()*4 -> 25.132741 | AC14: =2*PI()*(4+H14) -> 37.699112 | AD14: =B14-2*(4+$H14) -> 128 | AE14: =C14-2*(4+$H14) -> 56 | AF14: =D14-2*(4+$H14) -> 56 | AG14: =E14-(4+$H14) -> 11 | AH14: =(AB14+AC14+2*(AD14+AE14+AF14+2*AG14))/10 -> 58.683185 | AI14: =I14/AH14*10 -> 0.99858247
A15: =CONCATENATE(F15,"x",(IF(H15=INT(H15),CONCATENATE(H15,",",0),H15))) -> C140x2,5 | B15: =LEFT(G15,3) -> 140 | C15: =VALUE(MID(G15,(SEARCH("/",G15,1)+1),(SEARCH("/",G15,(SEARCH("/",G15,1)+1))-SEARCH("/",G15,1)-1))) -> 68 | D15: =VALUE(MID(G15,(SEARCH("/",G15,(SEARCH("/",G15,1)+1))+1),(SEARCH("/",G15,SEARCH("/",G15,(SEARCH("/",G15,1)+1))+1))-(SEARCH("/",G15,(SEARCH("/",G15,1)+1))+1))) -> 68 | E15: =VALUE(MID(G15,(SEARCH("/",G15,SEARCH("/",G15,(SEARCH("/",G15,1)+1))+1)+1),4)) -> 18.5 | F15: =CONCATENATE("C",LEFT(G15,3)) -> C140 | G15: 140/68/68/18,5 | H15: 2.5 | I15: 7.34 | J15: 229.51 | K15: 32.78 | L15: 45.65 | M15: 10.04 | N15: 5.58 | O15: 2.49 | P15: 2.25 | R15: 7 | T15: 5.77 | V15: 0.153 | W15: 0.306 | X15: 179.184 | AB15: =2*PI()*4 -> 25.132741 | AC15: =2*PI()*(4+H15) -> 40.840704 | AD15: =B15-2*(4+$H15) -> 127 | AE15: =C15-2*(4+$H15) -> 55 | AF15: =D15-2*(4+$H15) -> 55 | AG15: =E15-(4+$H15) -> 12 | AH15: =(AB15+AC15+2*(AD15+AE15+AF15+2*AG15))/10 -> 58.797345 | AI15: =I15/AH15*10 -> 1.2483557
A16: =CONCATENATE(F16,"x",(IF(H16=INT(H16),CONCATENATE(H16,",",0),H16))) -> C140x3,0 | B16: =LEFT(G16,3) -> 140 | C16: =VALUE(MID(G16,(SEARCH("/",G16,1)+1),(SEARCH("/",G16,(SEARCH("/",G16,1)+1))-SEARCH("/",G16,1)-1))) -> 68 | D16: =VALUE(MID(G16,(SEARCH("/",G16,(SEARCH("/",G16,1)+1))+1),(SEARCH("/",G16,SEARCH("/",G16,(SEARCH("/",G16,1)+1))+1))-(SEARCH("/",G16,(SEARCH("/",G16,1)+1))+1))) -> 68 | E16: =VALUE(MID(G16,(SEARCH("/",G16,SEARCH("/",G16,(SEARCH("/",G16,1)+1))+1)+1),4)) -> 20 | F16: =CONCATENATE("C",LEFT(G16,3)) -> C140 | G16: 140/68/68/20 | H16: 3 | I16: 8.83 | J16: 273.07 | K16: 39.01 | L16: 55.03 | M16: 12.22 | N16: 5.55 | O16: 2.49 | P16: 2.3 | R16: 7 | T16: 6.94 | V16: 0.265 | W16: 0.529 | X16: 219.521 | AB16: =2*PI()*4 -> 25.132741 | AC16: =2*PI()*(4+H16) -> 43.982297 | AD16: =B16-2*(4+$H16) -> 126 | AE16: =C16-2*(4+$H16) -> 54 | AF16: =D16-2*(4+$H16) -> 54 | AG16: =E16-(4+$H16) -> 13 | AH16: =(AB16+AC16+2*(AD16+AE16+AF16+2*AG16))/10 -> 58.911504 | AI16: =I16/AH16*10 -> 1.4988584
A17: =CONCATENATE(F17,"x",(IF(H17=INT(H17),CONCATENATE(H17,",",0),H17))) -> C160x1,0 | B17: =LEFT(G17,3) -> 160 | C17: =VALUE(MID(G17,(SEARCH("/",G17,1)+1),(SEARCH("/",G17,(SEARCH("/",G17,1)+1))-SEARCH("/",G17,1)-1))) -> 68 | D17: =VALUE(MID(G17,(SEARCH("/",G17,(SEARCH("/",G17,1)+1))+1),(SEARCH("/",G17,SEARCH("/",G17,(SEARCH("/",G17,1)+1))+1))-(SEARCH("/",G17,(SEARCH("/",G17,1)+1))+1))) -> 68 | E17: =VALUE(MID(G17,(SEARCH("/",G17,SEARCH("/",G17,(SEARCH("/",G17,1)+1))+1)+1),4)) -> 15.5 | F17: =CONCATENATE("C",LEFT(G17,3)) -> C160 | G17: 160/68/68/15,5 | H17: 1 | I17: 3.15 | J17: 128.66 | K17: 16.08 | L17: 20.54 | M17: 4.31 | N17: 6.38 | O17: 2.55 | P17: 2.04 | R17: 8 | T17: 2.57 | AB17: =2*PI()*4 -> 25.132741 | AC17: =2*PI()*(4+H17) -> 31.415927 | AD17: =B17-2*(4+$H17) -> 150 | AE17: =C17-2*(4+$H17) -> 58 | AF17: =D17-2*(4+$H17) -> 58 | AG17: =E17-(4+$H17) -> 10.5 | AH17: =(AB17+AC17+2*(AD17+AE17+AF17+2*AG17))/10 -> 63.054867 | AI17: =I17/AH17*10 -> 0.49956493
A18: =CONCATENATE(F18,"x",(IF(H18=INT(H18),CONCATENATE(H18,",",0),H18))) -> C160x1,2 | B18: =LEFT(G18,3) -> 160 | C18: =VALUE(MID(G18,(SEARCH("/",G18,1)+1),(SEARCH("/",G18,(SEARCH("/",G18,1)+1))-SEARCH("/",G18,1)-1))) -> 68 | D18: =VALUE(MID(G18,(SEARCH("/",G18,(SEARCH("/",G18,1)+1))+1),(SEARCH("/",G18,SEARCH("/",G18,(SEARCH("/",G18,1)+1))+1))-(SEARCH("/",G18,(SEARCH("/",G18,1)+1))+1))) -> 68 | E18: =VALUE(MID(G18,(SEARCH("/",G18,SEARCH("/",G18,(SEARCH("/",G18,1)+1))+1)+1),4)) -> 15.5 | F18: =CONCATENATE("C",LEFT(G18,3)) -> C160 | G18: 160/68/68/15,5 | H18: 1.2 | I18: 3.77 | J18: 153.38 | K18: 19.17 | L18: 24.55 | M18: 5.15 | N18: 6.37 | O18: 2.55 | P18: 2.04 | R18: 8 | T18: 3.05 | AB18: =2*PI()*4 -> 25.132741 | AC18: =2*PI()*(4+H18) -> 32.672564 | AD18: =B18-2*(4+$H18) -> 149.6 | AE18: =C18-2*(4+$H18) -> 57.6 | AF18: =D18-2*(4+$H18) -> 57.6 | AG18: =E18-(4+$H18) -> 10.3 | AH18: =(AB18+AC18+2*(AD18+AE18+AF18+2*AG18))/10 -> 62.86053 | AI18: =I18/AH18*10 -> 0.5997404
A19: =CONCATENATE(F19,"x",(IF(H19=INT(H19),CONCATENATE(H19,",",0),H19))) -> C160x1,5 | B19: =LEFT(G19,3) -> 160 | C19: =VALUE(MID(G19,(SEARCH("/",G19,1)+1),(SEARCH("/",G19,(SEARCH("/",G19,1)+1))-SEARCH("/",G19,1)-1))) -> 68 | D19: =VALUE(MID(G19,(SEARCH("/",G19,(SEARCH("/",G19,1)+1))+1),(SEARCH("/",G19,SEARCH("/",G19,(SEARCH("/",G19,1)+1))+1))-(SEARCH("/",G19,(SEARCH("/",G19,1)+1))+1))) -> 68 | E19: =VALUE(MID(G19,(SEARCH("/",G19,SEARCH("/",G19,(SEARCH("/",G19,1)+1))+1)+1),4)) -> 15.5 | F19: =CONCATENATE("C",LEFT(G19,3)) -> C160 | G19: 160/68/68/15,5 | H19: 1.5 | I19: 4.69 | J19: 190.19 | K19: 23.77 | L19: 28.3 | M19: 5.93 | N19: 6.36 | O19: 2.45 | P19: 2.03 | R19: 8 | T19: 3.68 | V19: 0.035 | W19: 0.07 | X19: 102.952 | AB19: =2*PI()*4 -> 25.132741 | AC19: =2*PI()*(4+H19) -> 34.557519 | AD19: =B19-2*(4+$H19) -> 149 | AE19: =C19-2*(4+$H19) -> 57 | AF19: =D19-2*(4+$H19) -> 57 | AG19: =E19-(4+$H19) -> 10 | AH19: =(AB19+AC19+2*(AD19+AE19+AF19+2*AG19))/10 -> 62.569026 | AI19: =I19/AH19*10 -> 0.74957216
A20: =CONCATENATE(F20,"x",(IF(H20=INT(H20),CONCATENATE(H20,",",0),H20))) -> C160x2,0 | B20: =LEFT(G20,3) -> 160 | C20: =VALUE(MID(G20,(SEARCH("/",G20,1)+1),(SEARCH("/",G20,(SEARCH("/",G20,1)+1))-SEARCH("/",G20,1)-1))) -> 68 | D20: =VALUE(MID(G20,(SEARCH("/",G20,(SEARCH("/",G20,1)+1))+1),(SEARCH("/",G20,SEARCH("/",G20,(SEARCH("/",G20,1)+1))+1))-(SEARCH("/",G20,(SEARCH("/",G20,1)+1))+1))) -> 68 | E20: =VALUE(MID(G20,(SEARCH("/",G20,SEARCH("/",G20,(SEARCH("/",G20,1)+1))+1)+1),4)) -> 17 | F20: =CONCATENATE("C",LEFT(G20,3)) -> C160 | G20: 160/68/68/17 | H20: 2 | I20: 6.26 | J20: 252.01 | K20: 31.5 | L20: 37.99 | M20: 8.03 | N20: 6.34 | O20: 2.46 | P20: 2.07 | R20: 8 | T20: 4.92 | V20: 0.083 | W20: 0.167 | X20: 140.375 | AB20: =2*PI()*4 -> 25.132741 | AC20: =2*PI()*(4+H20) -> 37.699112 | AD20: =B20-2*(4+$H20) -> 148 | AE20: =C20-2*(4+$H20) -> 56 | AF20: =D20-2*(4+$H20) -> 56 | AG20: =E20-(4+$H20) -> 11 | AH20: =(AB20+AC20+2*(AD20+AE20+AF20+2*AG20))/10 -> 62.683185 | AI20: =I20/AH20*10 -> 0.99867292
A21: =CONCATENATE(F21,"x",(IF(H21=INT(H21),CONCATENATE(H21,",",0),H21))) -> C160x2,5 | B21: =LEFT(G21,3) -> 160 | C21: =VALUE(MID(G21,(SEARCH("/",G21,1)+1),(SEARCH("/",G21,(SEARCH("/",G21,1)+1))-SEARCH("/",G21,1)-1))) -> 68 | D21: =VALUE(MID(G21,(SEARCH("/",G21,(SEARCH("/",G21,1)+1))+1),(SEARCH("/",G21,SEARCH("/",G21,(SEARCH("/",G21,1)+1))+1))-(SEARCH("/",G21,(SEARCH("/",G21,1)+1))+1))) -> 68 | E21: =VALUE(MID(G21,(SEARCH("/",G21,SEARCH("/",G21,(SEARCH("/",G21,1)+1))+1)+1),4)) -> 18.5 | F21: =CONCATENATE("C",LEFT(G21,3)) -> C160 | G21: 160/68/68/18,5 | H21: 2.5 | I21: 7.84 | J21: 312.94 | K21: 39.11 | L21: 47.77 | M21: 10.2 | N21: 6.31 | O21: 2.46 | P21: 2.12 | R21: 8 | T21: 6.16 | V21: 0.163 | W21: 0.327 | X21: 179.295 | AB21: =2*PI()*4 -> 25.132741 | AC21: =2*PI()*(4+H21) -> 40.840704 | AD21: =B21-2*(4+$H21) -> 147 | AE21: =C21-2*(4+$H21) -> 55 | AF21: =D21-2*(4+$H21) -> 55 | AG21: =E21-(4+$H21) -> 12 | AH21: =(AB21+AC21+2*(AD21+AE21+AF21+2*AG21))/10 -> 62.797345 | AI21: =I21/AH21*10 -> 1.2484604
A22: =CONCATENATE(F22,"x",(IF(H22=INT(H22),CONCATENATE(H22,",",0),H22))) -> C160x3,0 | B22: =LEFT(G22,3) -> 160 | C22: =VALUE(MID(G22,(SEARCH("/",G22,1)+1),(SEARCH("/",G22,(SEARCH("/",G22,1)+1))-SEARCH("/",G22,1)-1))) -> 68 | D22: =VALUE(MID(G22,(SEARCH("/",G22,(SEARCH("/",G22,1)+1))+1),(SEARCH("/",G22,SEARCH("/",G22,(SEARCH("/",G22,1)+1))+1))-(SEARCH("/",G22,(SEARCH("/",G22,1)+1))+1))) -> 68 | E22: =VALUE(MID(G22,(SEARCH("/",G22,SEARCH("/",G22,(SEARCH("/",G22,1)+1))+1)+1),4)) -> 20 | F22: =CONCATENATE("C",LEFT(G22,3)) -> C160 | G22: 160/68/68/20 | H22: 3 | I22: 9.43 | J22: 372.93 | K22: 46.61 | L22: 57.62 | M22: 12.42 | N22: 6.28 | O22: 2.47 | P22: 2.16 | R22: 8 | T22: 7.41 | V22: 0.283 | W22: 0.565 | X22: 219.677 | AB22: =2*PI()*4 -> 25.132741 | AC22: =2*PI()*(4+H22) -> 43.982297 | AD22: =B22-2*(4+$H22) -> 146 | AE22: =C22-2*(4+$H22) -> 54 | AF22: =D22-2*(4+$H22) -> 54 | AG22: =E22-(4+$H22) -> 13 | AH22: =(AB22+AC22+2*(AD22+AE22+AF22+2*AG22))/10 -> 62.911504 | AI22: =I22/AH22*10 -> 1.4989309
A23: =CONCATENATE(F23,"x",(IF(H23=INT(H23),CONCATENATE(H23,",",0),H23))) -> C170x1,5 | B23: =LEFT(G23,3) -> 170 | C23: =VALUE(MID(G23,(SEARCH("/",G23,1)+1),(SEARCH("/",G23,(SEARCH("/",G23,1)+1))-SEARCH("/",G23,1)-1))) -> 68 | D23: =VALUE(MID(G23,(SEARCH("/",G23,(SEARCH("/",G23,1)+1))+1),(SEARCH("/",G23,SEARCH("/",G23,(SEARCH("/",G23,1)+1))+1))-(SEARCH("/",G23,(SEARCH("/",G23,1)+1))+1))) -> 68 | E23: =VALUE(MID(G23,(SEARCH("/",G23,SEARCH("/",G23,(SEARCH("/",G23,1)+1))+1)+1),4)) -> 15.5 | F23: =CONCATENATE("C",LEFT(G23,3)) -> C170 | G23: 170/68/68/15,5 | H23: 1.5 | I23: 4.84 | J23: 218.81 | K23: 25.74 | L23: 28.85 | M23: 5.97 | N23: 6.72 | O23: 2.44 | P23: 1.97 | R23: 8.5 | T23: 3.8 | V23: 0.036 | W23: 0.073 | X23: 102.975 | AB23: =2*PI()*4 -> 25.132741 | AC23: =2*PI()*(4+H23) -> 34.557519 | AD23: =B23-2*(4+$H23) -> 159 | AE23: =C23-2*(4+$H23) -> 57 | AF23: =D23-2*(4+$H23) -> 57 | AG23: =E23-(4+$H23) -> 10 | AH23: =(AB23+AC23+2*(AD23+AE23+AF23+2*AG23))/10 -> 64.569026 | AI23: =I23/AH23*10 -> 0.74958541
A24: =CONCATENATE(F24,"x",(IF(H24=INT(H24),CONCATENATE(H24,",",0),H24))) -> C170x2,0 | B24: =LEFT(G24,3) -> 170 | C24: =VALUE(MID(G24,(SEARCH("/",G24,1)+1),(SEARCH("/",G24,(SEARCH("/",G24,1)+1))-SEARCH("/",G24,1)-1))) -> 68 | D24: =VALUE(MID(G24,(SEARCH("/",G24,(SEARCH("/",G24,1)+1))+1),(SEARCH("/",G24,SEARCH("/",G24,(SEARCH("/",G24,1)+1))+1))-(SEARCH("/",G24,(SEARCH("/",G24,1)+1))+1))) -> 68 | E24: =VALUE(MID(G24,(SEARCH("/",G24,SEARCH("/",G24,(SEARCH("/",G24,1)+1))+1)+1),4)) -> 17 | F24: =CONCATENATE("C",LEFT(G24,3)) -> C170 | G24: 170/68/68/17 | H24: 2 | I24: 6.46 | J24: 290.11 | K24: 34.13 | L24: 38.75 | M24: 8.09 | N24: 6.69 | O24: 2.44 | P24: 2.01 | R24: 8.5 | T24: 5.08 | V24: 0.086 | W24: 0.172 | X24: 140.413 | AB24: =2*PI()*4 -> 25.132741 | AC24: =2*PI()*(4+H24) -> 37.699112 | AD24: =B24-2*(4+$H24) -> 158 | AE24: =C24-2*(4+$H24) -> 56 | AF24: =D24-2*(4+$H24) -> 56 | AG24: =E24-(4+$H24) -> 11 | AH24: =(AB24+AC24+2*(AD24+AE24+AF24+2*AG24))/10 -> 64.683185 | AI24: =I24/AH24*10 -> 0.99871396
A25: =CONCATENATE(F25,"x",(IF(H25=INT(H25),CONCATENATE(H25,",",0),H25))) -> C170x2,5 | B25: =LEFT(G25,3) -> 170 | C25: =VALUE(MID(G25,(SEARCH("/",G25,1)+1),(SEARCH("/",G25,(SEARCH("/",G25,1)+1))-SEARCH("/",G25,1)-1))) -> 68 | D25: =VALUE(MID(G25,(SEARCH("/",G25,(SEARCH("/",G25,1)+1))+1),(SEARCH("/",G25,SEARCH("/",G25,(SEARCH("/",G25,1)+1))+1))-(SEARCH("/",G25,(SEARCH("/",G25,1)+1))+1))) -> 68 | E25: =VALUE(MID(G25,(SEARCH("/",G25,SEARCH("/",G25,(SEARCH("/",G25,1)+1))+1)+1),4)) -> 18.5 | F25: =CONCATENATE("C",LEFT(G25,3)) -> C170 | G25: 170/68/68/18,5 | H25: 2.5 | I25: 8.09 | J25: 360.48 | K25: 42.4 | L25: 48.74 | M25: 10.27 | N25: 6.67 | O25: 2.45 | P25: 2.06 | R25: 8.5 | T25: 6.36 | V25: 0.169 | W25: 0.337 | X25: 179.35 | AB25: =2*PI()*4 -> 25.132741 | AC25: =2*PI()*(4+H25) -> 40.840704 | AD25: =B25-2*(4+$H25) -> 157 | AE25: =C25-2*(4+$H25) -> 55 | AF25: =D25-2*(4+$H25) -> 55 | AG25: =E25-(4+$H25) -> 12 | AH25: =(AB25+AC25+2*(AD25+AE25+AF25+2*AG25))/10 -> 64.797345 | AI25: =I25/AH25*10 -> 1.248508
A26: =CONCATENATE(F26,"x",(IF(H26=INT(H26),CONCATENATE(H26,",",0),H26))) -> C170x3,0 | B26: =LEFT(G26,3) -> 170 | C26: =VALUE(MID(G26,(SEARCH("/",G26,1)+1),(SEARCH("/",G26,(SEARCH("/",G26,1)+1))-SEARCH("/",G26,1)-1))) -> 68 | D26: =VALUE(MID(G26,(SEARCH("/",G26,(SEARCH("/",G26,1)+1))+1),(SEARCH("/",G26,SEARCH("/",G26,(SEARCH("/",G26,1)+1))+1))-(SEARCH("/",G26,(SEARCH("/",G26,1)+1))+1))) -> 68 | E26: =VALUE(MID(G26,(SEARCH("/",G26,SEARCH("/",G26,(SEARCH("/",G26,1)+1))+1)+1),4)) -> 20 | F26: =CONCATENATE("C",LEFT(G26,3)) -> C170 | G26: 170/68/68/20 | H26: 3 | I26: 9.73 | J26: 429.86 | K26: 50.57 | L26: 58.8 | M26: 12.5 | N26: 6.64 | O26: 2.45 | P26: 2.1 | R26: 8.5 | T26: 7.64 | V26: 0.292 | W26: 0.583 | X26: 219.755 | AB26: =2*PI()*4 -> 25.132741 | AC26: =2*PI()*(4+H26) -> 43.982297 | AD26: =B26-2*(4+$H26) -> 156 | AE26: =C26-2*(4+$H26) -> 54 | AF26: =D26-2*(4+$H26) -> 54 | AG26: =E26-(4+$H26) -> 13 | AH26: =(AB26+AC26+2*(AD26+AE26+AF26+2*AG26))/10 -> 64.911504 | AI26: =I26/AH26*10 -> 1.4989639
A27: =CONCATENATE(F27,"x",(IF(H27=INT(H27),CONCATENATE(H27,",",0),H27))) -> C180x1,5 | B27: =LEFT(G27,3) -> 180 | C27: =VALUE(MID(G27,(SEARCH("/",G27,1)+1),(SEARCH("/",G27,(SEARCH("/",G27,1)+1))-SEARCH("/",G27,1)-1))) -> 68 | D27: =VALUE(MID(G27,(SEARCH("/",G27,(SEARCH("/",G27,1)+1))+1),(SEARCH("/",G27,SEARCH("/",G27,(SEARCH("/",G27,1)+1))+1))-(SEARCH("/",G27,(SEARCH("/",G27,1)+1))+1))) -> 68 | E27: =VALUE(MID(G27,(SEARCH("/",G27,SEARCH("/",G27,(SEARCH("/",G27,1)+1))+1)+1),4)) -> 15.5 | F27: =CONCATENATE("C",LEFT(G27,3)) -> C180 | G27: 180/68/68/15,5 | H27: 1.5 | I27: 4.99 | J27: 249.85 | K27: 27.76 | L27: 29.38 | M27: 6.01 | N27: 7.07 | O27: 2.42 | P27: 1.91 | R27: 9 | T27: 3.92 | V27: 0.037 | W27: 0.075 | X27: 102.999 | AB27: =2*PI()*4 -> 25.132741 | AC27: =2*PI()*(4+H27) -> 34.557519 | AD27: =B27-2*(4+$H27) -> 169 | AE27: =C27-2*(4+$H27) -> 57 | AF27: =D27-2*(4+$H27) -> 57 | AG27: =E27-(4+$H27) -> 10 | AH27: =(AB27+AC27+2*(AD27+AE27+AF27+2*AG27))/10 -> 66.569026 | AI27: =I27/AH27*10 -> 0.74959787
A28: =CONCATENATE(F28,"x",(IF(H28=INT(H28),CONCATENATE(H28,",",0),H28))) -> C180x2,0 | B28: =LEFT(G28,3) -> 180 | C28: =VALUE(MID(G28,(SEARCH("/",G28,1)+1),(SEARCH("/",G28,(SEARCH("/",G28,1)+1))-SEARCH("/",G28,1)-1))) -> 68 | D28: =VALUE(MID(G28,(SEARCH("/",G28,(SEARCH("/",G28,1)+1))+1),(SEARCH("/",G28,SEARCH("/",G28,(SEARCH("/",G28,1)+1))+1))-(SEARCH("/",G28,(SEARCH("/",G28,1)+1))+1))) -> 68 | E28: =VALUE(MID(G28,(SEARCH("/",G28,SEARCH("/",G28,(SEARCH("/",G28,1)+1))+1)+1),4)) -> 17 | F28: =CONCATENATE("C",LEFT(G28,3)) -> C180 | G28: 180/68/68/17 | H28: 2 | I28: 6.66 | J28: 331.44 | K28: 36.82 | L28: 39.46 | M28: 8.14 | N28: 7.05 | O28: 2.43 | P28: 1.95 | R28: 9 | T28: 5.23 | V28: 0.089 | W28: 0.178 | X28: 134.846 | AB28: =2*PI()*4 -> 25.132741 | AC28: =2*PI()*(4+H28) -> 37.699112 | AD28: =B28-2*(4+$H28) -> 168 | AE28: =C28-2*(4+$H28) -> 56 | AF28: =D28-2*(4+$H28) -> 56 | AG28: =E28-(4+$H28) -> 11 | AH28: =(AB28+AC28+2*(AD28+AE28+AF28+2*AG28))/10 -> 66.683185 | AI28: =I28/AH28*10 -> 0.99875253
A29: =CONCATENATE(F29,"x",(IF(H29=INT(H29),CONCATENATE(H29,",",0),H29))) -> C180x2,5 | B29: =LEFT(G29,3) -> 180 | C29: =VALUE(MID(G29,(SEARCH("/",G29,1)+1),(SEARCH("/",G29,(SEARCH("/",G29,1)+1))-SEARCH("/",G29,1)-1))) -> 68 | D29: =VALUE(MID(G29,(SEARCH("/",G29,(SEARCH("/",G29,1)+1))+1),(SEARCH("/",G29,SEARCH("/",G29,(SEARCH("/",G29,1)+1))+1))-(SEARCH("/",G29,(SEARCH("/",G29,1)+1))+1))) -> 68 | E29: =VALUE(MID(G29,(SEARCH("/",G29,SEARCH("/",G29,(SEARCH("/",G29,1)+1))+1)+1),4)) -> 18.5 | F29: =CONCATENATE("C",LEFT(G29,3)) -> C180 | G29: 180/68/68/18,5 | H29: 2.5 | I29: 8.34 | J29: 412.06 | K29: 45.78 | L29: 49.64 | M29: 10.33 | N29: 7.02 | O29: 2.43 | P29: 2 | R29: 9 | T29: 6.55 | V29: 0.174 | W29: 0.348 | X29: 179.406 | AB29: =2*PI()*4 -> 25.132741 | AC29: =2*PI()*(4+H29) -> 40.840704 | AD29: =B29-2*(4+$H29) -> 167 | AE29: =C29-2*(4+$H29) -> 55 | AF29: =D29-2*(4+$H29) -> 55 | AG29: =E29-(4+$H29) -> 12 | AH29: =(AB29+AC29+2*(AD29+AE29+AF29+2*AG29))/10 -> 66.797345 | AI29: =I29/AH29*10 -> 1.2485526
A30: =CONCATENATE(F30,"x",(IF(H30=INT(H30),CONCATENATE(H30,",",0),H30))) -> C180x3,0 | B30: =LEFT(G30,3) -> 180 | C30: =VALUE(MID(G30,(SEARCH("/",G30,1)+1),(SEARCH("/",G30,(SEARCH("/",G30,1)+1))-SEARCH("/",G30,1)-1))) -> 68 | D30: =VALUE(MID(G30,(SEARCH("/",G30,(SEARCH("/",G30,1)+1))+1),(SEARCH("/",G30,SEARCH("/",G30,(SEARCH("/",G30,1)+1))+1))-(SEARCH("/",G30,(SEARCH("/",G30,1)+1))+1))) -> 68 | E30: =VALUE(MID(G30,(SEARCH("/",G30,SEARCH("/",G30,(SEARCH("/",G30,1)+1))+1)+1),4)) -> 20 | F30: =CONCATENATE("C",LEFT(G30,3)) -> C180 | G30: 180/68/68/20 | H30: 3 | I30: 10.03 | J30: 491.66 | K30: 54.62 | L30: 59.9 | M30: 12.58 | N30: 6.99 | O30: 2.44 | P30: 2.04 | R30: 9 | T30: 7.88 | V30: 0.301 | W30: 0.601 | X30: 219.833 | AB30: =2*PI()*4 -> 25.132741 | AC30: =2*PI()*(4+H30) -> 43.982297 | AD30: =B30-2*(4+$H30) -> 166 | AE30: =C30-2*(4+$H30) -> 54 | AF30: =D30-2*(4+$H30) -> 54 | AG30: =E30-(4+$H30) -> 13 | AH30: =(AB30+AC30+2*(AD30+AE30+AF30+2*AG30))/10 -> 66.911504 | AI30: =I30/AH30*10 -> 1.4989949
A31: =CONCATENATE(F31,"x",(IF(H31=INT(H31),CONCATENATE(H31,",",0),H31))) -> C200x1,0 | B31: =LEFT(G31,3) -> 200 | C31: =VALUE(MID(G31,(SEARCH("/",G31,1)+1),(SEARCH("/",G31,(SEARCH("/",G31,1)+1))-SEARCH("/",G31,1)-1))) -> 68 | D31: =VALUE(MID(G31,(SEARCH("/",G31,(SEARCH("/",G31,1)+1))+1),(SEARCH("/",G31,SEARCH("/",G31,(SEARCH("/",G31,1)+1))+1))-(SEARCH("/",G31,(SEARCH("/",G31,1)+1))+1))) -> 68 | E31: =VALUE(MID(G31,(SEARCH("/",G31,SEARCH("/",G31,(SEARCH("/",G31,1)+1))+1)+1),4)) -> 15.5 | F31: =CONCATENATE("C",LEFT(G31,3)) -> C200 | G31: 200/68/68/15,5 | H31: 1 | I31: 3.55 | J31: 216 | K31: 21.6 | L31: 21.1 | M31: 4.22 | N31: 7.79 | O31: 2.43 | P31: 1.81 | R31: 10 | T31: 2.89 | AB31: =2*PI()*4 -> 25.132741 | AC31: =2*PI()*(4+H31) -> 31.415927 | AD31: =B31-2*(4+$H31) -> 190 | AE31: =C31-2*(4+$H31) -> 58 | AF31: =D31-2*(4+$H31) -> 58 | AG31: =E31-(4+$H31) -> 10.5 | AH31: =(AB31+AC31+2*(AD31+AE31+AF31+2*AG31))/10 -> 71.054867 | AI31: =I31/AH31*10 -> 0.49961391
A32: =CONCATENATE(F32,"x",(IF(H32=INT(H32),CONCATENATE(H32,",",0),H32))) -> C200x1,2 | B32: =LEFT(G32,3) -> 200 | C32: =VALUE(MID(G32,(SEARCH("/",G32,1)+1),(SEARCH("/",G32,(SEARCH("/",G32,1)+1))-SEARCH("/",G32,1)-1))) -> 68 | D32: =VALUE(MID(G32,(SEARCH("/",G32,(SEARCH("/",G32,1)+1))+1),(SEARCH("/",G32,SEARCH("/",G32,(SEARCH("/",G32,1)+1))+1))-(SEARCH("/",G32,(SEARCH("/",G32,1)+1))+1))) -> 68 | E32: =VALUE(MID(G32,(SEARCH("/",G32,SEARCH("/",G32,(SEARCH("/",G32,1)+1))+1)+1),4)) -> 15.5 | F32: =CONCATENATE("C",LEFT(G32,3)) -> C200 | G32: 200/68/68/15,5 | H32: 1.2 | I32: 4.25 | J32: 257.73 | K32: 25.77 | L32: 25.24 | M32: 5.05 | N32: 7.78 | O32: 2.43 | P32: 1.81 | R32: 10 | T32: 3.44 | AB32: =2*PI()*4 -> 25.132741 | AC32: =2*PI()*(4+H32) -> 32.672564 | AD32: =B32-2*(4+$H32) -> 189.6 | AE32: =C32-2*(4+$H32) -> 57.6 | AF32: =D32-2*(4+$H32) -> 57.6 | AG32: =E32-(4+$H32) -> 10.3 | AH32: =(AB32+AC32+2*(AD32+AE32+AF32+2*AG32))/10 -> 70.86053 | AI32: =I32/AH32*10 -> 0.59976971
A33: =CONCATENATE(F33,"x",(IF(H33=INT(H33),CONCATENATE(H33,",",0),H33))) -> C200x1,5 | B33: =LEFT(G33,3) -> 200 | C33: =VALUE(MID(G33,(SEARCH("/",G33,1)+1),(SEARCH("/",G33,(SEARCH("/",G33,1)+1))-SEARCH("/",G33,1)-1))) -> 68 | D33: =VALUE(MID(G33,(SEARCH("/",G33,(SEARCH("/",G33,1)+1))+1),(SEARCH("/",G33,SEARCH("/",G33,(SEARCH("/",G33,1)+1))+1))-(SEARCH("/",G33,(SEARCH("/",G33,1)+1))+1))) -> 68 | E33: =VALUE(MID(G33,(SEARCH("/",G33,SEARCH("/",G33,(SEARCH("/",G33,1)+1))+1)+1),4)) -> 15.5 | F33: =CONCATENATE("C",LEFT(G33,3)) -> C200 | G33: 200/68/68/15,5 | H33: 1.5 | I33: 5.29 | J33: 319.5 | K33: 31.95 | L33: 30.33 | M33: 6.07 | N33: 7.76 | O33: 2.39 | P33: 1.81 | R33: 10 | T33: 4.15 | V33: 0.04 | W33: 0.079 | X33: 105.193 | AB33: =2*PI()*4 -> 25.132741 | AC33: =2*PI()*(4+H33) -> 34.557519 | AD33: =B33-2*(4+$H33) -> 189 | AE33: =C33-2*(4+$H33) -> 57 | AF33: =D33-2*(4+$H33) -> 57 | AG33: =E33-(4+$H33) -> 10 | AH33: =(AB33+AC33+2*(AD33+AE33+AF33+2*AG33))/10 -> 70.569026 | AI33: =I33/AH33*10 -> 0.74962066
A34: =CONCATENATE(F34,"x",(IF(H34=INT(H34),CONCATENATE(H34,",",0),H34))) -> C200x2,0 | B34: =LEFT(G34,3) -> 200 | C34: =VALUE(MID(G34,(SEARCH("/",G34,1)+1),(SEARCH("/",G34,(SEARCH("/",G34,1)+1))-SEARCH("/",G34,1)-1))) -> 68 | D34: =VALUE(MID(G34,(SEARCH("/",G34,(SEARCH("/",G34,1)+1))+1),(SEARCH("/",G34,SEARCH("/",G34,(SEARCH("/",G34,1)+1))+1))-(SEARCH("/",G34,(SEARCH("/",G34,1)+1))+1))) -> 68 | E34: =VALUE(MID(G34,(SEARCH("/",G34,SEARCH("/",G34,(SEARCH("/",G34,1)+1))+1)+1),4)) -> 17 | F34: =CONCATENATE("C",LEFT(G34,3)) -> C200 | G34: 200/68/68/17 | H34: 2 | I34: 7.06 | J34: 424.21 | K34: 42.42 | L34: 40.76 | M34: 8.23 | N34: 7.74 | O34: 2.4 | P34: 1.85 | R34: 10 | T34: 5.55 | V34: 0.094 | W34: 0.188 | X34: 140.525 | AB34: =2*PI()*4 -> 25.132741 | AC34: =2*PI()*(4+H34) -> 37.699112 | AD34: =B34-2*(4+$H34) -> 188 | AE34: =C34-2*(4+$H34) -> 56 | AF34: =D34-2*(4+$H34) -> 56 | AG34: =E34-(4+$H34) -> 11 | AH34: =(AB34+AC34+2*(AD34+AE34+AF34+2*AG34))/10 -> 70.683185 | AI34: =I34/AH34*10 -> 0.99882312
A35: =CONCATENATE(F35,"x",(IF(H35=INT(H35),CONCATENATE(H35,",",0),H35))) -> C200x2,5 | B35: =LEFT(G35,3) -> 200 | C35: =VALUE(MID(G35,(SEARCH("/",G35,1)+1),(SEARCH("/",G35,(SEARCH("/",G35,1)+1))-SEARCH("/",G35,1)-1))) -> 68 | D35: =VALUE(MID(G35,(SEARCH("/",G35,(SEARCH("/",G35,1)+1))+1),(SEARCH("/",G35,SEARCH("/",G35,(SEARCH("/",G35,1)+1))+1))-(SEARCH("/",G35,(SEARCH("/",G35,1)+1))+1))) -> 68 | E35: =VALUE(MID(G35,(SEARCH("/",G35,SEARCH("/",G35,(SEARCH("/",G35,1)+1))+1)+1),4)) -> 18.5 | F35: =CONCATENATE("C",LEFT(G35,3)) -> C200 | G35: 200/68/68/18,5 | H35: 2.5 | I35: 8.84 | J35: 527.89 | K35: 52.78 | L35: 51.3 | M35: 10.45 | N35: 7.72 | O35: 2.4 | P35: 1.89 | R35: 10 | T35: 6.95 | V35: 0.184 | W35: 0.368 | X35: 179.517 | AB35: =2*PI()*4 -> 25.132741 | AC35: =2*PI()*(4+H35) -> 40.840704 | AD35: =B35-2*(4+$H35) -> 187 | AE35: =C35-2*(4+$H35) -> 55 | AF35: =D35-2*(4+$H35) -> 55 | AG35: =E35-(4+$H35) -> 12 | AH35: =(AB35+AC35+2*(AD35+AE35+AF35+2*AG35))/10 -> 70.797345 | AI35: =I35/AH35*10 -> 1.2486344
A36: =CONCATENATE(F36,"x",(IF(H36=INT(H36),CONCATENATE(H36,",",0),H36))) -> C200x3,0 | B36: =LEFT(G36,3) -> 200 | C36: =VALUE(MID(G36,(SEARCH("/",G36,1)+1),(SEARCH("/",G36,(SEARCH("/",G36,1)+1))-SEARCH("/",G36,1)-1))) -> 68 | D36: =VALUE(MID(G36,(SEARCH("/",G36,(SEARCH("/",G36,1)+1))+1),(SEARCH("/",G36,SEARCH("/",G36,(SEARCH("/",G36,1)+1))+1))-(SEARCH("/",G36,(SEARCH("/",G36,1)+1))+1))) -> 68 | E36: =VALUE(MID(G36,(SEARCH("/",G36,SEARCH("/",G36,(SEARCH("/",G36,1)+1))+1)+1),4)) -> 20 | F36: =CONCATENATE("C",LEFT(G36,3)) -> C200 | G36: 200/68/68/20 | H36: 3 | I36: 10.63 | J36: 630.47 | K36: 63.04 | L36: 61.93 | M36: 12.72 | N36: 7.69 | O36: 2.41 | P36: 1.93 | R36: 10 | T36: 8.35 | V36: 0.319 | W36: 0.637 | X36: 219.989 | AB36: =2*PI()*4 -> 25.132741 | AC36: =2*PI()*(4+H36) -> 43.982297 | AD36: =B36-2*(4+$H36) -> 186 | AE36: =C36-2*(4+$H36) -> 54 | AF36: =D36-2*(4+$H36) -> 54 | AG36: =E36-(4+$H36) -> 13 | AH36: =(AB36+AC36+2*(AD36+AE36+AF36+2*AG36))/10 -> 70.911504 | AI36: =I36/AH36*10 -> 1.4990516
A37: =CONCATENATE(F37,"x",(IF(H37=INT(H37),CONCATENATE(H37,",",0),H37))) -> C230x2,0 | B37: =LEFT(G37,3) -> 230 | C37: =VALUE(MID(G37,(SEARCH("/",G37,1)+1),(SEARCH("/",G37,(SEARCH("/",G37,1)+1))-SEARCH("/",G37,1)-1))) -> 80 | D37: =VALUE(MID(G37,(SEARCH("/",G37,(SEARCH("/",G37,1)+1))+1),(SEARCH("/",G37,SEARCH("/",G37,(SEARCH("/",G37,1)+1))+1))-(SEARCH("/",G37,(SEARCH("/",G37,1)+1))+1))) -> 80 | E37: =VALUE(MID(G37,(SEARCH("/",G37,SEARCH("/",G37,(SEARCH("/",G37,1)+1))+1)+1),4)) -> 22 | F37: =CONCATENATE("C",LEFT(G37,3)) -> C230 | G37: 230/80/80/22 | H37: 2 | I37: 8.34 | J37: 670.74 | K37: 58.32 | L37: 70.05 | M37: 12.2 | N37: 8.96 | O37: 2.89 | P37: 2.26 | R37: 11.5 | T37: 6.55 | V37: 0.111 | W37: 0.222 | X37: 249.153 | AB37: =2*PI()*4 -> 25.132741 | AC37: =2*PI()*(4+H37) -> 37.699112 | AD37: =B37-2*(4+$H37) -> 218 | AE37: =C37-2*(4+$H37) -> 68 | AF37: =D37-2*(4+$H37) -> 68 | AG37: =E37-(4+$H37) -> 16 | AH37: =(AB37+AC37+2*(AD37+AE37+AF37+2*AG37))/10 -> 83.483185 | AI37: =I37/AH37*10 -> 0.99900357
A38: =CONCATENATE(F38,"x",(IF(H38=INT(H38),CONCATENATE(H38,",",0),H38))) -> C230x2,5 | B38: =LEFT(G38,3) -> 230 | C38: =VALUE(MID(G38,(SEARCH("/",G38,1)+1),(SEARCH("/",G38,(SEARCH("/",G38,1)+1))-SEARCH("/",G38,1)-1))) -> 81 | D38: =VALUE(MID(G38,(SEARCH("/",G38,(SEARCH("/",G38,1)+1))+1),(SEARCH("/",G38,SEARCH("/",G38,(SEARCH("/",G38,1)+1))+1))-(SEARCH("/",G38,(SEARCH("/",G38,1)+1))+1))) -> 81 | E38: =VALUE(MID(G38,(SEARCH("/",G38,SEARCH("/",G38,(SEARCH("/",G38,1)+1))+1)+1),4)) -> 23 | F38: =CONCATENATE("C",LEFT(G38,3)) -> C230 | G38: 230/81/81/23 | H38: 2.5 | I38: 10.47 | J38: 839.22 | K38: 72.97 | L38: 89.84 | M38: 15.56 | N38: 8.95 | O38: 2.92 | P38: 2.33 | R38: 11.5 | T38: 8.22 | V38: 0.218 | W38: 0.436 | X38: 323.429 | AB38: =2*PI()*4 -> 25.132741 | AC38: =2*PI()*(4+H38) -> 40.840704 | AD38: =B38-2*(4+$H38) -> 217 | AE38: =C38-2*(4+$H38) -> 68 | AF38: =D38-2*(4+$H38) -> 68 | AG38: =E38-(4+$H38) -> 16.5 | AH38: =(AB38+AC38+2*(AD38+AE38+AF38+2*AG38))/10 -> 83.797345 | AI38: =I38/AH38*10 -> 1.2494429
A39: =CONCATENATE(F39,"x",(IF(H39=INT(H39),CONCATENATE(H39,",",0),H39))) -> C230x3,0 | B39: =LEFT(G39,3) -> 230 | C39: =VALUE(MID(G39,(SEARCH("/",G39,1)+1),(SEARCH("/",G39,(SEARCH("/",G39,1)+1))-SEARCH("/",G39,1)-1))) -> 82 | D39: =VALUE(MID(G39,(SEARCH("/",G39,(SEARCH("/",G39,1)+1))+1),(SEARCH("/",G39,SEARCH("/",G39,(SEARCH("/",G39,1)+1))+1))-(SEARCH("/",G39,(SEARCH("/",G39,1)+1))+1))) -> 82 | E39: =VALUE(MID(G39,(SEARCH("/",G39,SEARCH("/",G39,(SEARCH("/",G39,1)+1))+1)+1),4)) -> 24 | F39: =CONCATENATE("C",LEFT(G39,3)) -> C230 | G39: 230/82/82/24 | H39: 3 | I39: 12.61 | J39: 1007.92 | K39: 87.64 | L39: 110.58 | M39: 19.03 | N39: 8.93 | O39: 2.96 | P39: 2.39 | R39: 11.5 | T39: 9.9 | V39: 0.378 | W39: 0.756 | X39: 402.845 | AB39: =2*PI()*4 -> 25.132741 | AC39: =2*PI()*(4+H39) -> 43.982297 | AD39: =B39-2*(4+$H39) -> 216 | AE39: =C39-2*(4+$H39) -> 68 | AF39: =D39-2*(4+$H39) -> 68 | AG39: =E39-(4+$H39) -> 17 | AH39: =(AB39+AC39+2*(AD39+AE39+AF39+2*AG39))/10 -> 84.111504 | AI39: =I39/AH39*10 -> 1.4992004
A40: =CONCATENATE(F40,"x",(IF(H40=INT(H40),CONCATENATE(H40,",",0),H40))) -> C250x1,0 | B40: =LEFT(G40,3) -> 250 | C40: =VALUE(MID(G40,(SEARCH("/",G40,1)+1),(SEARCH("/",G40,(SEARCH("/",G40,1)+1))-SEARCH("/",G40,1)-1))) -> 71 | D40: =VALUE(MID(G40,(SEARCH("/",G40,(SEARCH("/",G40,1)+1))+1),(SEARCH("/",G40,SEARCH("/",G40,(SEARCH("/",G40,1)+1))+1))-(SEARCH("/",G40,(SEARCH("/",G40,1)+1))+1))) -> 71 | E40: =VALUE(MID(G40,(SEARCH("/",G40,SEARCH("/",G40,(SEARCH("/",G40,1)+1))+1)+1),4)) -> 21 | F40: =CONCATENATE("C",LEFT(G40,3)) -> C250 | G40: 250/71/71/21 | H40: 1 | I40: 4.22 | J40: 387.04 | K40: 30.96 | L40: 28.92 | M40: 5.48 | N40: 9.57 | O40: 2.61 | P40: 1.83 | R40: 12.5 | T40: 3.44 | AB40: =2*PI()*4 -> 25.132741 | AC40: =2*PI()*(4+H40) -> 31.415927 | AD40: =B40-2*(4+$H40) -> 240 | AE40: =C40-2*(4+$H40) -> 61 | AF40: =D40-2*(4+$H40) -> 61 | AG40: =E40-(4+$H40) -> 16 | AH40: =(AB40+AC40+2*(AD40+AE40+AF40+2*AG40))/10 -> 84.454867 | AI40: =I40/AH40*10 -> 0.49967517
A41: =CONCATENATE(F41,"x",(IF(H41=INT(H41),CONCATENATE(H41,",",0),H41))) -> C250x1,2 | B41: =LEFT(G41,3) -> 250 | C41: =VALUE(MID(G41,(SEARCH("/",G41,1)+1),(SEARCH("/",G41,(SEARCH("/",G41,1)+1))-SEARCH("/",G41,1)-1))) -> 71 | D41: =VALUE(MID(G41,(SEARCH("/",G41,(SEARCH("/",G41,1)+1))+1),(SEARCH("/",G41,SEARCH("/",G41,(SEARCH("/",G41,1)+1))+1))-(SEARCH("/",G41,(SEARCH("/",G41,1)+1))+1))) -> 71 | E41: =VALUE(MID(G41,(SEARCH("/",G41,SEARCH("/",G41,(SEARCH("/",G41,1)+1))+1)+1),4)) -> 21 | F41: =CONCATENATE("C",LEFT(G41,3)) -> C250 | G41: 250/71/71/21 | H41: 1.2 | I41: 5.05 | J41: 462.21 | K41: 36.97 | L41: 34.54 | M41: 6.55 | N41: 9.56 | O41: 2.61 | P41: 1.83 | R41: 12.5 | T41: 4.09 | AB41: =2*PI()*4 -> 25.132741 | AC41: =2*PI()*(4+H41) -> 32.672564 | AD41: =B41-2*(4+$H41) -> 239.6 | AE41: =C41-2*(4+$H41) -> 60.6 | AF41: =D41-2*(4+$H41) -> 60.6 | AG41: =E41-(4+$H41) -> 15.8 | AH41: =(AB41+AC41+2*(AD41+AE41+AF41+2*AG41))/10 -> 84.26053 | AI41: =I41/AH41*10 -> 0.59933162
A42: =CONCATENATE(F42,"x",(IF(H42=INT(H42),CONCATENATE(H42,",",0),H42))) -> C250x2,0 | B42: =LEFT(G42,3) -> 250 | C42: =VALUE(MID(G42,(SEARCH("/",G42,1)+1),(SEARCH("/",G42,(SEARCH("/",G42,1)+1))-SEARCH("/",G42,1)-1))) -> 71 | D42: =VALUE(MID(G42,(SEARCH("/",G42,(SEARCH("/",G42,1)+1))+1),(SEARCH("/",G42,SEARCH("/",G42,(SEARCH("/",G42,1)+1))+1))-(SEARCH("/",G42,(SEARCH("/",G42,1)+1))+1))) -> 71 | E42: =VALUE(MID(G42,(SEARCH("/",G42,SEARCH("/",G42,(SEARCH("/",G42,1)+1))+1)+1),4)) -> 21 | F42: =CONCATENATE("C",LEFT(G42,3)) -> C250 | G42: 250/71/71/21 | H42: 2 | I42: 8.34 | J42: 756.15 | K42: 60.49 | L42: 52.72 | M42: 10 | N42: 9.51 | O42: 2.51 | P42: 1.83 | R42: 12.5 | T42: 6.55 | V42: 0.111 | W42: 0.222 | X42: 180.817 | AB42: =2*PI()*4 -> 25.132741 | AC42: =2*PI()*(4+H42) -> 37.699112 | AD42: =B42-2*(4+$H42) -> 238 | AE42: =C42-2*(4+$H42) -> 59 | AF42: =D42-2*(4+$H42) -> 59 | AG42: =E42-(4+$H42) -> 15 | AH42: =(AB42+AC42+2*(AD42+AE42+AF42+2*AG42))/10 -> 83.483185 | AI42: =I42/AH42*10 -> 0.99900357
A43: =CONCATENATE(F43,"x",(IF(H43=INT(H43),CONCATENATE(H43,",",0),H43))) -> C250x2,5 | B43: =LEFT(G43,3) -> 250 | C43: =VALUE(MID(G43,(SEARCH("/",G43,1)+1),(SEARCH("/",G43,(SEARCH("/",G43,1)+1))-SEARCH("/",G43,1)-1))) -> 72 | D43: =VALUE(MID(G43,(SEARCH("/",G43,(SEARCH("/",G43,1)+1))+1),(SEARCH("/",G43,SEARCH("/",G43,(SEARCH("/",G43,1)+1))+1))-(SEARCH("/",G43,(SEARCH("/",G43,1)+1))+1))) -> 72 | E43: =VALUE(MID(G43,(SEARCH("/",G43,SEARCH("/",G43,(SEARCH("/",G43,1)+1))+1)+1),4)) -> 22 | F43: =CONCATENATE("C",LEFT(G43,3)) -> C250 | G43: 250/72/72/22 | H43: 2.5 | I43: 10.47 | J43: 946.9 | K43: 75.75 | L43: 67.86 | M43: 12.78 | N43: 9.5 | O43: 2.54 | P43: 1.89 | R43: 12.5 | T43: 8.22 | V43: 0.218 | W43: 0.436 | X43: 235.721 | AB43: =2*PI()*4 -> 25.132741 | AC43: =2*PI()*(4+H43) -> 40.840704 | AD43: =B43-2*(4+$H43) -> 237 | AE43: =C43-2*(4+$H43) -> 59 | AF43: =D43-2*(4+$H43) -> 59 | AG43: =E43-(4+$H43) -> 15.5 | AH43: =(AB43+AC43+2*(AD43+AE43+AF43+2*AG43))/10 -> 83.797345 | AI43: =I43/AH43*10 -> 1.2494429
A44: =CONCATENATE(F44,"x",(IF(H44=INT(H44),CONCATENATE(H44,",",0),H44))) -> C250x3,0 | B44: =LEFT(G44,3) -> 250 | C44: =VALUE(MID(G44,(SEARCH("/",G44,1)+1),(SEARCH("/",G44,(SEARCH("/",G44,1)+1))-SEARCH("/",G44,1)-1))) -> 73 | D44: =VALUE(MID(G44,(SEARCH("/",G44,(SEARCH("/",G44,1)+1))+1),(SEARCH("/",G44,SEARCH("/",G44,(SEARCH("/",G44,1)+1))+1))-(SEARCH("/",G44,(SEARCH("/",G44,1)+1))+1))) -> 73 | E44: =VALUE(MID(G44,(SEARCH("/",G44,SEARCH("/",G44,(SEARCH("/",G44,1)+1))+1)+1),4)) -> 23 | F44: =CONCATENATE("C",LEFT(G44,3)) -> C250 | G44: 250/73/73/23 | H44: 3 | I44: 12.61 | J44: 1138.22 | K44: 91.05 | L44: 83.81 | M44: 15.67 | N44: 9.49 | O44: 2.57 | P44: 1.95 | R44: 12.5 | T44: 9.9 | V44: 0.378 | W44: 0.756 | X44: 294.819 | AB44: =2*PI()*4 -> 25.132741 | AC44: =2*PI()*(4+H44) -> 43.982297 | AD44: =B44-2*(4+$H44) -> 236 | AE44: =C44-2*(4+$H44) -> 59 | AF44: =D44-2*(4+$H44) -> 59 | AG44: =E44-(4+$H44) -> 16 | AH44: =(AB44+AC44+2*(AD44+AE44+AF44+2*AG44))/10 -> 84.111504 | AI44: =I44/AH44*10 -> 1.4992004
A45: =CONCATENATE(F45,"x",(IF(H45=INT(H45),CONCATENATE(H45,",",0),H45))) -> C250x3,5 | B45: =LEFT(G45,3) -> 250 | C45: =VALUE(MID(G45,(SEARCH("/",G45,1)+1),(SEARCH("/",G45,(SEARCH("/",G45,1)+1))-SEARCH("/",G45,1)-1))) -> 74 | D45: =VALUE(MID(G45,(SEARCH("/",G45,(SEARCH("/",G45,1)+1))+1),(SEARCH("/",G45,SEARCH("/",G45,(SEARCH("/",G45,1)+1))+1))-(SEARCH("/",G45,(SEARCH("/",G45,1)+1))+1))) -> 74 | E45: =VALUE(MID(G45,(SEARCH("/",G45,SEARCH("/",G45,(SEARCH("/",G45,1)+1))+1)+1),4)) -> 24 | F45: =CONCATENATE("C",LEFT(G45,3)) -> C250 | G45: 250/74/74/24 | H45: 3.5 | I45: 14.77 | J45: 1330.07 | K45: 106.4 | L45: 100.59 | M45: 18.67 | N45: 9.48 | O45: 2.6 | P45: 2.01 | R45: 12.5 | T45: 11.6 | V45: 0.603 | W45: 1.205 | X45: 358.274 | AB45: =2*PI()*4 -> 25.132741 | AC45: =2*PI()*(4+H45) -> 47.12389 | AD45: =B45-2*(4+$H45) -> 235 | AE45: =C45-2*(4+$H45) -> 59 | AF45: =D45-2*(4+$H45) -> 59 | AG45: =E45-(4+$H45) -> 16.5 | AH45: =(AB45+AC45+2*(AD45+AE45+AF45+2*AG45))/10 -> 84.425663 | AI45: =I45/AH45*10 -> 1.749468
A46: =CONCATENATE(F46,"x",(IF(H46=INT(H46),CONCATENATE(H46,",",0),H46))) -> C300x2,0 | B46: =LEFT(G46,3) -> 300 | C46: =VALUE(MID(G46,(SEARCH("/",G46,1)+1),(SEARCH("/",G46,(SEARCH("/",G46,1)+1))-SEARCH("/",G46,1)-1))) -> 88 | D46: =VALUE(MID(G46,(SEARCH("/",G46,(SEARCH("/",G46,1)+1))+1),(SEARCH("/",G46,SEARCH("/",G46,(SEARCH("/",G46,1)+1))+1))-(SEARCH("/",G46,(SEARCH("/",G46,1)+1))+1))) -> 88 | E46: =VALUE(MID(G46,(SEARCH("/",G46,SEARCH("/",G46,(SEARCH("/",G46,1)+1))+1)+1),4)) -> 29 | F46: =CONCATENATE("C",LEFT(G46,3)) -> C300 | G46: 300/88/88/29 | H46: 2 | I46: 10.34 | J46: 1371.18 | K46: 91.41 | L46: 106.99 | M46: 16.68 | N46: 11.51 | O46: 3.21 | P46: 2.39 | R46: 15 | T46: 8.12 | V46: 0.138 | W46: 0.276 | X46: 362.969 | AB46: =2*PI()*4 -> 25.132741 | AC46: =2*PI()*(4+H46) -> 37.699112 | AD46: =B46-2*(4+$H46) -> 288 | AE46: =C46-2*(4+$H46) -> 76 | AF46: =D46-2*(4+$H46) -> 76 | AG46: =E46-(4+$H46) -> 23 | AH46: =(AB46+AC46+2*(AD46+AE46+AF46+2*AG46))/10 -> 103.48319 | AI46: =I46/AH46*10 -> 0.99919615
A47: =CONCATENATE(F47,"x",(IF(H47=INT(H47),CONCATENATE(H47,",",0),H47))) -> C300x2,5 | B47: =LEFT(G47,3) -> 300 | C47: =VALUE(MID(G47,(SEARCH("/",G47,1)+1),(SEARCH("/",G47,(SEARCH("/",G47,1)+1))-SEARCH("/",G47,1)-1))) -> 89 | D47: =VALUE(MID(G47,(SEARCH("/",G47,(SEARCH("/",G47,1)+1))+1),(SEARCH("/",G47,SEARCH("/",G47,(SEARCH("/",G47,1)+1))+1))-(SEARCH("/",G47,(SEARCH("/",G47,1)+1))+1))) -> 89 | E47: =VALUE(MID(G47,(SEARCH("/",G47,SEARCH("/",G47,(SEARCH("/",G47,1)+1))+1)+1),4)) -> 30 | F47: =CONCATENATE("C",LEFT(G47,3)) -> C300 | G47: 300/89/89/30 | H47: 2.5 | I47: 12.97 | J47: 1715.82 | K47: 114.38 | L47: 136.76 | M47: 21.2 | N47: 11.49 | O47: 3.24 | P47: 2.45 | R47: 15 | T47: 10.19 | V47: 0.27 | W47: 0.54 | X47: 468.871 | AB47: =2*PI()*4 -> 25.132741 | AC47: =2*PI()*(4+H47) -> 40.840704 | AD47: =B47-2*(4+$H47) -> 287 | AE47: =C47-2*(4+$H47) -> 76 | AF47: =D47-2*(4+$H47) -> 76 | AG47: =E47-(4+$H47) -> 23.5 | AH47: =(AB47+AC47+2*(AD47+AE47+AF47+2*AG47))/10 -> 103.79734 | AI47: =I47/AH47*10 -> 1.2495503
A48: =CONCATENATE(F48,"x",(IF(H48=INT(H48),CONCATENATE(H48,",",0),H48))) -> C300x3,0 | B48: =LEFT(G48,3) -> 300 | C48: =VALUE(MID(G48,(SEARCH("/",G48,1)+1),(SEARCH("/",G48,(SEARCH("/",G48,1)+1))-SEARCH("/",G48,1)-1))) -> 91 | D48: =VALUE(MID(G48,(SEARCH("/",G48,(SEARCH("/",G48,1)+1))+1),(SEARCH("/",G48,SEARCH("/",G48,(SEARCH("/",G48,1)+1))+1))-(SEARCH("/",G48,(SEARCH("/",G48,1)+1))+1))) -> 91 | E48: =VALUE(MID(G48,(SEARCH("/",G48,SEARCH("/",G48,(SEARCH("/",G48,1)+1))+1)+1),4)) -> 30 | F48: =CONCATENATE("C",LEFT(G48,3)) -> C300 | G48: 300/91/91/30 | H48: 3 | I48: 15.61 | J48: 2065.73 | K48: 137.71 | L48: 169.82 | M48: 25.81 | N48: 11.5 | O48: 3.29 | P48: 2.52 | R48: 15 | T48: 12.26 | V48: 0.468 | W48: 0.936 | X48: 587.083 | AB48: =2*PI()*4 -> 25.132741 | AC48: =2*PI()*(4+H48) -> 43.982297 | AD48: =B48-2*(4+$H48) -> 286 | AE48: =C48-2*(4+$H48) -> 77 | AF48: =D48-2*(4+$H48) -> 77 | AG48: =E48-(4+$H48) -> 23 | AH48: =(AB48+AC48+2*(AD48+AE48+AF48+2*AG48))/10 -> 104.1115 | AI48: =I48/AH48*10 -> 1.499354
A49: =CONCATENATE(F49,"x",(IF(H49=INT(H49),CONCATENATE(H49,",",0),H49))) -> C300x3,5 | B49: =LEFT(G49,3) -> 300 | C49: =VALUE(MID(G49,(SEARCH("/",G49,1)+1),(SEARCH("/",G49,(SEARCH("/",G49,1)+1))-SEARCH("/",G49,1)-1))) -> 92 | D49: =VALUE(MID(G49,(SEARCH("/",G49,(SEARCH("/",G49,1)+1))+1),(SEARCH("/",G49,SEARCH("/",G49,(SEARCH("/",G49,1)+1))+1))-(SEARCH("/",G49,(SEARCH("/",G49,1)+1))+1))) -> 92 | E49: =VALUE(MID(G49,(SEARCH("/",G49,SEARCH("/",G49,(SEARCH("/",G49,1)+1))+1)+1),4)) -> 30 | F49: =CONCATENATE("C",LEFT(G49,3)) -> C300 | G49: 300/92/92/30 | H49: 3.5 | I49: 18.2 | J49: 2402.43 | K49: 160.16 | L49: 199.6 | M49: 30.05 | N49: 11.48 | O49: 3.31 | P49: 2.56 | R49: 15 | T49: 14.29 | V49: 0.743 | W49: 1.486 | X49: 695.119 | AB49: =2*PI()*4 -> 25.132741 | AC49: =2*PI()*(4+H49) -> 47.12389 | AD49: =B49-2*(4+$H49) -> 285 | AE49: =C49-2*(4+$H49) -> 77 | AF49: =D49-2*(4+$H49) -> 77 | AG49: =E49-(4+$H49) -> 22.5 | AH49: =(AB49+AC49+2*(AD49+AE49+AF49+2*AG49))/10 -> 104.02566 | AI49: =I49/AH49*10 -> 1.7495683

Sheet ZR
A2: =Сводная!A7 -> ZR300x3,5 | B2: =INDEX(B11:B51,MATCH($A$2,$A$11:$A$51)) -> 300 | C2: =INDEX(C11:C51,MATCH($A$2,$A$11:$A$51)) -> 88 | D2: =INDEX(D11:D51,MATCH($A$2,$A$11:$A$51)) -> 96 | E2: =INDEX(E11:E51,MATCH($A$2,$A$11:$A$51)) -> 23.5 | F2: =INDEX(F11:F51,MATCH($A$2,$A$11:$A$51)) -> ZR300 | G2: =INDEX(G11:G51,MATCH($A$2,$A$11:$A$51)) -> 300/88/96/23,5 | H2: =INDEX(H11:H51,MATCH($A$2,$A$11:$A$51)) -> 3.5 | I2: =INDEX(I11:I51,MATCH($A$2,$A$11:$A$51)) -> 18.24 | ... X2: =INDEX(X11:X51,MATCH($A$2,$A$11:$A$51)) -> 3871.9645
A6: Наименование | B6: Стенка H | C6: Полка B1 | D6: Полка B2 | E6: Отгибы С | F6: Сечение профиля | H6: Толщина металла t, мм | I6: Геометрические характеристики полного поперечного сечения | T6: Масса 1 м.п. | U6: Теор. Ширина заготовки, мм | V6: момент инерции при свободном кручении для одиночного профиля | W6: момент инерции при свободном кручении для сдвоенного профиля | X6: Момент инерции Jy сдвоенного сечения (SCAD-Tonus) | Z6: Внутр. круг | AA6: Внешн. круг | AB6: Стенка H | AC6: Ребро | AD6: Полка B1 | AE6: Полка B2 | AF6: Отгибы C | AG6: Периметр профиля, см | AH6: Приведённая толщина, мм
F7: Тип | G7: Н/В1/В2/С, мм | I7: Площадь сечения | J7: Момент инерции | K7: Момент сопр-я | L7: Момент инерции | M7: Момент сопр-я | N7: радиус инерции | P7: Положение центра тяжести
I9: Fp, | J9: Jx, | K9: Wx, | L9: Jy, | M9: Wy, | N9: rx, | O9: ry, | P9: x0, | Q9: x1, | R9: y0, | S9: y1,
I10: см2 | J10: см4 | K10: см3 | L10: см4 | M10: см3 | N10: см | O10: см | P10: см | Q10: см | R10: см | S10: см
A11: =CONCATENATE(F11,"x",(IF(H11=INT(H11),CONCATENATE(H11,",",0),H11))) -> ZR140x1,0 | B11: =LEFT(G11,3) -> 140 | C11: =VALUE(MID(G11,(SEARCH("/",G11,1)+1),(SEARCH("/",G11,(SEARCH("/",G11,1)+1))-SEARCH("/",G11,1)-1))) -> 49 | D11: =VALUE(MID(G11,(SEARCH("/",G11,(SEARCH("/",G11,1)+1))+1),(SEARCH("/",G11,SEARCH("/",G11,(SEARCH("/",G11,1)+1))+1))-(SEARCH("/",G11,(SEARCH("/",G11,1)+1))+1))) -> 57 | E11: =VALUE(MID(G11,(SEARCH("/",G11,SEARCH("/",G11,(SEARCH("/",G11,1)+1))+1)+1),4)) -> 20 | F11: =CONCATENATE("ZR",LEFT(G11,3)) -> ZR140 | G11: 140/49/57/20 | H11: 1 | I11: 2.88 | J11: 83.73 | K11: 11.64 | L11: 20.74 | M11: 3.55 | N11: 5.38 | O11: 2.68 | P11: 4.66 | Q11: =P11 -> 4.66 | R11: 6.81 | S11: =R11 -> 6.81 | T11: 2.36 | Z11: =2*PI()*4 -> 25.132741 | AA11: =2*PI()*(4+H11) -> 31.415927 | AB11: =B11-2*(4+$H11)-72 -> 58 | AC11: =INDEX($AL$11:$AL$18,MATCH(H11,$AK$11:$AK$18)) -> 88.0464 | AD11: =C11-2*(4+$H11) -> 39 | AE11: =D11-2*(4+$H11) -> 47 | AF11: =E11-(4+$H11) -> 15 | AG11: =(Z11+AA11+2*(AB11+AC11+AD11+AE11+2*AF11))/10 -> 58.064147 | AH11: =I11/AG11*10 -> 0.49600316 | AI11: =H11/2 -> 0.5 | AJ11: =ABS(AH11-AI11) -> 0.0039968449 | AK11: 1 | AL11: 88.0464
A12: =CONCATENATE(F12,"x",(IF(H12=INT(H12),CONCATENATE(H12,",",0),H12))) -> ZR140x1,2 | B12: =LEFT(G12,3) -> 140 | C12: =VALUE(MID(G12,(SEARCH("/",G12,1)+1),(SEARCH("/",G12,(SEARCH("/",G12,1)+1))-SEARCH("/",G12,1)-1))) -> 49 | D12: =VALUE(MID(G12,(SEARCH("/",G12,(SEARCH("/",G12,1)+1))+1),(SEARCH("/",G12,SEARCH("/",G12,(SEARCH("/",G12,1)+1))+1))-(SEARCH("/",G12,(SEARCH("/",G12,1)+1))+1))) -> 57 | E12: =VALUE(MID(G12,(SEARCH("/",G12,SEARCH("/",G12,(SEARCH("/",G12,1)+1))+1)+1),4)) -> 20 | F12: =CONCATENATE("ZR",LEFT(G12,3)) -> ZR140 | G12: 140/49/57/20 | H12: 1.2 | I12: 3.47 | J12: 100.34 | K12: 13.95 | L12: 25.23 | M12: 4.32 | N12: 5.37 | O12: 2.69 | P12: 4.65 | Q12: =P12 -> 4.65 | R12: 6.81 | S12: =R12 -> 6.81 | T12: 2.82 | Z12: =2*PI()*4 -> 25.132741 | AA12: =2*PI()*(4+H12) -> 32.672564 | AB12: =B12-2*(4+$H12)-72 -> 57.6 | AC12: =INDEX($AL$11:$AL$18,MATCH(H12,$AK$11:$AK$18)) -> 88.0849 | AD12: =C12-2*(4+$H12) -> 38.6 | AE12: =D12-2*(4+$H12) -> 46.6 | AF12: =E12-(4+$H12) -> 14.8 | AG12: =(Z12+AA12+2*(AB12+AC12+AD12+AE12+2*AF12))/10 -> 57.87751 | AH12: =I12/AG12*10 -> 0.59954203 | AI12: =H12/2 -> 0.6 | AJ12: =ABS(AH12-AI12) -> 0.00045797218 | AK12: 1.2 | AL12: 88.0849
A13: =CONCATENATE(F13,"x",(IF(H13=INT(H13),CONCATENATE(H13,",",0),H13))) -> ZR160x1,0 | B13: =LEFT(G13,3) -> 160 | C13: =VALUE(MID(G13,(SEARCH("/",G13,1)+1),(SEARCH("/",G13,(SEARCH("/",G13,1)+1))-SEARCH("/",G13,1)-1))) -> 49 | D13: =VALUE(MID(G13,(SEARCH("/",G13,(SEARCH("/",G13,1)+1))+1),(SEARCH("/",G13,SEARCH("/",G13,(SEARCH("/",G13,1)+1))+1))-(SEARCH("/",G13,(SEARCH("/",G13,1)+1))+1))) -> 57 | E13: =VALUE(MID(G13,(SEARCH("/",G13,SEARCH("/",G13,(SEARCH("/",G13,1)+1))+1)+1),4)) -> 20 | F13: =CONCATENATE("ZR",LEFT(G13,3)) -> ZR160 | G13: 160/49/57/20 | H13: 1 | I13: 3.12 | J13: 115.6 | K13: 14.09 | L13: 21.84 | M13: 3.75 | N13: 6.08 | O13: 2.64 | P13: 4.68 | Q13: =P13 -> 4.68 | R13: 7.8 | S13: =R13 -> 7.8 | T13: 2.54 | Z13: =2*PI()*4 -> 25.132741 | AA13: =2*PI()*(4+H13) -> 31.415927 | AB13: =B13-2*(4+$H13)-72 -> 78 | AC13: =INDEX($AL$11:$AL$18,MATCH(H13,$AK$11:$AK$18)) -> 88.0464 | AD13: =C13-2*(4+$H13) -> 39 | AE13: =D13-2*(4+$H13) -> 47 | AF13: =E13-(4+$H13) -> 15 | AG13: =(Z13+AA13+2*(AB13+AC13+AD13+AE13+2*AF13))/10 -> 62.064147 | AH13: =I13/AG13*10 -> 0.50270569 | AI13: =H13/2 -> 0.5 | AJ13: =ABS(AH13-AI13) -> 0.0027056944 | AK13: 1.5 | AL13: 88.1436
A14: =CONCATENATE(F14,"x",(IF(H14=INT(H14),CONCATENATE(H14,",",0),H14))) -> ZR160x1,2 | B14: =LEFT(G14,3) -> 160 | C14: =VALUE(MID(G14,(SEARCH("/",G14,1)+1),(SEARCH("/",G14,(SEARCH("/",G14,1)+1))-SEARCH("/",G14,1)-1))) -> 49 | D14: =VALUE(MID(G14,(SEARCH("/",G14,(SEARCH("/",G14,1)+1))+1),(SEARCH("/",G14,SEARCH("/",G14,(SEARCH("/",G14,1)+1))+1))-(SEARCH("/",G14,(SEARCH("/",G14,1)+1))+1))) -> 57 | E14: =VALUE(MID(G14,(SEARCH("/",G14,SEARCH("/",G14,(SEARCH("/",G14,1)+1))+1)+1),4)) -> 20 | F14: =CONCATENATE("ZR",LEFT(G14,3)) -> ZR160 | G14: 160/49/57/20 | H14: 1.2 | I14: 3.76 | J14: 138.6 | K14: 16.9 | L14: 26.55 | M14: 4.56 | N14: 6.06 | O14: 2.65 | P14: 4.67 | Q14: =P14 -> 4.67 | R14: 7.8 | S14: =R14 -> 7.8 | T14: 3.04 | Z14: =2*PI()*4 -> 25.132741 | AA14: =2*PI()*(4+H14) -> 32.672564 | AB14: =B14-2*(4+$H14)-72 -> 77.6 | AC14: =INDEX($AL$11:$AL$18,MATCH(H14,$AK$11:$AK$18)) -> 88.0849 | AD14: =C14-2*(4+$H14) -> 38.6 | AE14: =D14-2*(4+$H14) -> 46.6 | AF14: =E14-(4+$H14) -> 14.8 | AG14: =(Z14+AA14+2*(AB14+AC14+AD14+AE14+2*AF14))/10 -> 61.87751 | AH14: =I14/AG14*10 -> 0.60765211 | AI14: =H14/2 -> 0.6 | AJ14: =ABS(AH14-AI14) -> 0.0076521131 | AK14: 2 | AL14: 88.2436
A15: =CONCATENATE(F15,"x",(IF(H15=INT(H15),CONCATENATE(H15,",",0),H15))) -> ZR160x1,5 | B15: =LEFT(G15,3) -> 160 | C15: =VALUE(MID(G15,(SEARCH("/",G15,1)+1),(SEARCH("/",G15,(SEARCH("/",G15,1)+1))-SEARCH("/",G15,1)-1))) -> 49 | D15: =VALUE(MID(G15,(SEARCH("/",G15,(SEARCH("/",G15,1)+1))+1),(SEARCH("/",G15,SEARCH("/",G15,(SEARCH("/",G15,1)+1))+1))-(SEARCH("/",G15,(SEARCH("/",G15,1)+1))+1))) -> 57 | E15: =VALUE(MID(G15,(SEARCH("/",G15,SEARCH("/",G15,(SEARCH("/",G15,1)+1))+1)+1),4)) -> 20 | F15: =CONCATENATE("ZR",LEFT(G15,3)) -> ZR160 | G15: 160/49/57/20 | H15: 1.5 | I15: 4.59 | J15: 168.45 | K15: 20.52 | L15: 30.17 | M15: 5.06 | N15: 6.05 | O15: 2.56 | P15: 4.64 | Q15: =P15 -> 4.64 | R15: 7.79 | S15: =R15 -> 7.79 | T15: 3.62 | V15: 0.0346 | Z15: =2*PI()*4 -> 25.132741 | AA15: =2*PI()*(4+H15) -> 34.557519 | AB15: =B15-2*(4+$H15)-72 -> 77 | AC15: =INDEX($AL$11:$AL$18,MATCH(H15,$AK$11:$AK$18)) -> 88.1436 | AD15: =C15-2*(4+$H15) -> 38 | AE15: =D15-2*(4+$H15) -> 46 | AF15: =E15-(4+$H15) -> 14.5 | AG15: =(Z15+AA15+2*(AB15+AC15+AD15+AE15+2*AF15))/10 -> 61.597746 | AH15: =I15/AG15*10 -> 0.74515714 | AI15: =H15/2 -> 0.75 | AJ15: =ABS(AH15-AI15) -> 0.0048428644 | AK15: 2.5 | AL15: 88.3466
A16: =CONCATENATE(F16,"x",(IF(H16=INT(H16),CONCATENATE(H16,",",0),H16))) -> ZR160x2,0 | B16: =LEFT(G16,3) -> 160 | C16: =VALUE(MID(G16,(SEARCH("/",G16,1)+1),(SEARCH("/",G16,(SEARCH("/",G16,1)+1))-SEARCH("/",G16,1)-1))) -> 50 | D16: =VALUE(MID(G16,(SEARCH("/",G16,(SEARCH("/",G16,1)+1))+1),(SEARCH("/",G16,SEARCH("/",G16,(SEARCH("/",G16,1)+1))+1))-(SEARCH("/",G16,(SEARCH("/",G16,1)+1))+1))) -> 58 | E16: =VALUE(MID(G16,(SEARCH("/",G16,SEARCH("/",G16,(SEARCH("/",G16,1)+1))+1)+1),4)) -> 21 | F16: =CONCATENATE("ZR",LEFT(G16,3)) -> ZR160 | G16: 160/50/58/21 | H16: 2 | I16: 6.15 | J16: 224.73 | K16: 27.38 | L16: 41.84 | M16: 6.87 | N16: 6.04 | O16: 2.6 | P16: 4.72 | Q16: =P16 -> 4.72 | R16: 7.79 | S16: =R16 -> 7.79 | T16: 4.86 | V16: 0.0825 | Z16: =2*PI()*4 -> 25.132741 | AA16: =2*PI()*(4+H16) -> 37.699112 | AB16: =B16-2*(4+$H16)-72 -> 76 | AC16: =INDEX($AL$11:$AL$18,MATCH(H16,$AK$11:$AK$18)) -> 88.2436 | AD16: =C16-2*(4+$H16) -> 38 | AE16: =D16-2*(4+$H16) -> 46 | AF16: =E16-(4+$H16) -> 15 | AG16: =(Z16+AA16+2*(AB16+AC16+AD16+AE16+2*AF16))/10 -> 61.931905 | AH16: =I16/AG16*10 -> 0.99302613 | AI16: =H16/2 -> 1 | AJ16: =ABS(AH16-AI16) -> 0.006973874 | AK16: 3 | AL16: 88.4526
A17: =CONCATENATE(F17,"x",(IF(H17=INT(H17),CONCATENATE(H17,",",0),H17))) -> ZR160x2,5 | B17: =LEFT(G17,3) -> 160 | C17: =VALUE(MID(G17,(SEARCH("/",G17,1)+1),(SEARCH("/",G17,(SEARCH("/",G17,1)+1))-SEARCH("/",G17,1)-1))) -> 51 | D17: =VALUE(MID(G17,(SEARCH("/",G17,(SEARCH("/",G17,1)+1))+1),(SEARCH("/",G17,SEARCH("/",G17,(SEARCH("/",G17,1)+1))+1))-(SEARCH("/",G17,(SEARCH("/",G17,1)+1))+1))) -> 59 | E17: =VALUE(MID(G17,(SEARCH("/",G17,SEARCH("/",G17,(SEARCH("/",G17,1)+1))+1)+1),4)) -> 22 | F17: =CONCATENATE("ZR",LEFT(G17,3)) -> ZR160 | G17: 160/51/59/22 | H17: 2.5 | I17: 7.73 | J17: 281.04 | K17: 34.25 | L17: 54.38 | M17: 8.76 | N17: 6.02 | O17: 2.65 | P17: 4.79 | Q17: =P17 -> 4.79 | R17: 7.8 | S17: =R17 -> 7.8 | T17: 6.11 | V17: 0.1619 | Z17: =2*PI()*4 -> 25.132741 | AA17: =2*PI()*(4+H17) -> 40.840704 | AB17: =B17-2*(4+$H17)-72 -> 75 | AC17: =INDEX($AL$11:$AL$18,MATCH(H17,$AK$11:$AK$18)) -> 88.3466 | AD17: =C17-2*(4+$H17) -> 38 | AE17: =D17-2*(4+$H17) -> 46 | AF17: =E17-(4+$H17) -> 15.5 | AG17: =(Z17+AA17+2*(AB17+AC17+AD17+AE17+2*AF17))/10 -> 62.266665 | AH17: =I17/AG17*10 -> 1.2414347 | AI17: =H17/2 -> 1.25 | AJ17: =ABS(AH17-AI17) -> 0.0085652687 | AK17: 3.5 | AL17: 88.5619
A18: =CONCATENATE(F18,"x",(IF(H18=INT(H18),CONCATENATE(H18,",",0),H18))) -> ZR160x3,0 | B18: =LEFT(G18,3) -> 160 | C18: =VALUE(MID(G18,(SEARCH("/",G18,1)+1),(SEARCH("/",G18,(SEARCH("/",G18,1)+1))-SEARCH("/",G18,1)-1))) -> 52 | D18: =VALUE(MID(G18,(SEARCH("/",G18,(SEARCH("/",G18,1)+1))+1),(SEARCH("/",G18,SEARCH("/",G18,(SEARCH("/",G18,1)+1))+1))-(SEARCH("/",G18,(SEARCH("/",G18,1)+1))+1))) -> 60 | E18: =VALUE(MID(G18,(SEARCH("/",G18,SEARCH("/",G18,(SEARCH("/",G18,1)+1))+1)+1),4)) -> 23 | F18: =CONCATENATE("ZR",LEFT(G18,3)) -> ZR160 | G18: 160/52/60/23 | H18: 3 | I18: 9.32 | J18: 337.32 | K18: 41.12 | L18: 67.82 | M18: 10.71 | N18: 6.01 | O18: 2.69 | P18: 4.87 | Q18: =P18 -> 4.87 | R18: 7.8 | S18: =R18 -> 7.8 | T18: 7.38 | V18: 0.2813 | Z18: =2*PI()*4 -> 25.132741 | AA18: =2*PI()*(4+H18) -> 43.982297 | AB18: =B18-2*(4+$H18)-72 -> 74 | AC18: =INDEX($AL$11:$AL$18,MATCH(H18,$AK$11:$AK$18)) -> 88.4526 | AD18: =C18-2*(4+$H18) -> 38 | AE18: =D18-2*(4+$H18) -> 46 | AF18: =E18-(4+$H18) -> 16 | AG18: =(Z18+AA18+2*(AB18+AC18+AD18+AE18+2*AF18))/10 -> 62.602024 | AH18: =I18/AG18*10 -> 1.4887698 | AI18: =H18/2 -> 1.5 | AJ18: =ABS(AH18-AI18) -> 0.01123024 | AK18: 4 | AL18: 88.6747
A19: =CONCATENATE(F19,"x",(IF(H19=INT(H19),CONCATENATE(H19,",",0),H19))) -> ZR180x1,5 | B19: =LEFT(G19,3) -> 180 | C19: =VALUE(MID(G19,(SEARCH("/",G19,1)+1),(SEARCH("/",G19,(SEARCH("/",G19,1)+1))-SEARCH("/",G19,1)-1))) -> 49 | D19: =VALUE(MID(G19,(SEARCH("/",G19,(SEARCH("/",G19,1)+1))+1),(SEARCH("/",G19,SEARCH("/",G19,(SEARCH("/",G19,1)+1))+1))-(SEARCH("/",G19,(SEARCH("/",G19,1)+1))+1))) -> 57 | E19: =VALUE(MID(G19,(SEARCH("/",G19,SEARCH("/",G19,(SEARCH("/",G19,1)+1))+1)+1),4)) -> 20 | F19: =CONCATENATE("ZR",LEFT(G19,3)) -> ZR180 | G19: 180/49/57/20 | H19: 1.5 | I19: 4.89 | J19: 222.3 | K19: 24.11 | L19: 30.18 | M19: 5.07 | N19: 6.74 | O19: 2.48 | P19: 4.65 | Q19: =P19 -> 4.65 | R19: 8.78 | S19: =R19 -> 8.78 | T19: 3.85 | V19: 0.0369 | Z19: =2*PI()*4 -> 25.132741 | AA19: =2*PI()*(4+H19) -> 34.557519 | AB19: =B19-2*(4+$H19)-72 -> 97 | AC19: =INDEX($AL$11:$AL$18,MATCH(H19,$AK$11:$AK$18)) -> 88.1436 | AD19: =C19-2*(4+$H19) -> 38 | AE19: =D19-2*(4+$H19) -> 46 | AF19: =E19-(4+$H19) -> 14.5 | AG19: =(Z19+AA19+2*(AB19+AC19+AD19+AE19+2*AF19))/10 -> 65.597746 | AH19: =I19/AG19*10 -> 0.74545244 | AI19: =H19/2 -> 0.75 | AJ19: =ABS(AH19-AI19) -> 0.0045475576
A20: =CONCATENATE(F20,"x",(IF(H20=INT(H20),CONCATENATE(H20,",",0),H20))) -> ZR180x2,0 | B20: =LEFT(G20,3) -> 180 | C20: =VALUE(MID(G20,(SEARCH("/",G20,1)+1),(SEARCH("/",G20,(SEARCH("/",G20,1)+1))-SEARCH("/",G20,1)-1))) -> 50 | D20: =VALUE(MID(G20,(SEARCH("/",G20,(SEARCH("/",G20,1)+1))+1),(SEARCH("/",G20,SEARCH("/",G20,(SEARCH("/",G20,1)+1))+1))-(SEARCH("/",G20,(SEARCH("/",G20,1)+1))+1))) -> 58 | E20: =VALUE(MID(G20,(SEARCH("/",G20,SEARCH("/",G20,(SEARCH("/",G20,1)+1))+1)+1),4)) -> 21 | F20: =CONCATENATE("ZR",LEFT(G20,3)) -> ZR180 | G20: 180/50/58/21 | H20: 2 | I20: 6.55 | J20: 296.82 | K20: 32.2 | L20: 41.86 | M20: 6.89 | N20: 6.72 | O20: 2.52 | P20: 4.73 | Q20: =P20 -> 4.73 | R20: 8.78 | S20: =R20 -> 8.78 | T20: 5.17 | V20: 0.0878 | Z20: =2*PI()*4 -> 25.132741 | AA20: =2*PI()*(4+H20) -> 37.699112 | AB20: =B20-2*(4+$H20)-72 -> 96 | AC20: =INDEX($AL$11:$AL$18,MATCH(H20,$AK$11:$AK$18)) -> 88.2436 | AD20: =C20-2*(4+$H20) -> 38 | AE20: =D20-2*(4+$H20) -> 46 | AF20: =E20-(4+$H20) -> 15 | AG20: =(Z20+AA20+2*(AB20+AC20+AD20+AE20+2*AF20))/10 -> 65.931905 | AH20: =I20/AG20*10 -> 0.99344922 | AI20: =H20/2 -> 1 | AJ20: =ABS(AH20-AI20) -> 0.0065507785
A21: =CONCATENATE(F21,"x",(IF(H21=INT(H21),CONCATENATE(H21,",",0),H21))) -> ZR180x2,5 | B21: =LEFT(G21,3) -> 180 | C21: =VALUE(MID(G21,(SEARCH("/",G21,1)+1),(SEARCH("/",G21,(SEARCH("/",G21,1)+1))-SEARCH("/",G21,1)-1))) -> 51 | D21: =VALUE(MID(G21,(SEARCH("/",G21,(SEARCH("/",G21,1)+1))+1),(SEARCH("/",G21,SEARCH("/",G21,(SEARCH("/",G21,1)+1))+1))-(SEARCH("/",G21,(SEARCH("/",G21,1)+1))+1))) -> 59 | E21: =VALUE(MID(G21,(SEARCH("/",G21,SEARCH("/",G21,(SEARCH("/",G21,1)+1))+1)+1),4)) -> 22 | F21: =CONCATENATE("ZR",LEFT(G21,3)) -> ZR180 | G21: 180/51/59/22 | H21: 2.5 | I21: 8.23 | J21: 371.48 | K21: 40.31 | L21: 54.4 | M21: 8.78 | N21: 6.71 | O21: 2.57 | P21: 4.81 | Q21: =P21 -> 4.81 | R21: 8.78 | S21: =R21 -> 8.78 | T21: 6.5 | V21: 0.1724 | Z21: =2*PI()*4 -> 25.132741 | AA21: =2*PI()*(4+H21) -> 40.840704 | AB21: =B21-2*(4+$H21)-72 -> 95 | AC21: =INDEX($AL$11:$AL$18,MATCH(H21,$AK$11:$AK$18)) -> 88.3466 | AD21: =C21-2*(4+$H21) -> 38 | AE21: =D21-2*(4+$H21) -> 46 | AF21: =E21-(4+$H21) -> 15.5 | AG21: =(Z21+AA21+2*(AB21+AC21+AD21+AE21+2*AF21))/10 -> 66.266665 | AH21: =I21/AG21*10 -> 1.2419517 | AI21: =H21/2 -> 1.25 | AJ21: =ABS(AH21-AI21) -> 0.0080482505
A22: =CONCATENATE(F22,"x",(IF(H22=INT(H22),CONCATENATE(H22,",",0),H22))) -> ZR180x3,0 | B22: =LEFT(G22,3) -> 180 | C22: =VALUE(MID(G22,(SEARCH("/",G22,1)+1),(SEARCH("/",G22,(SEARCH("/",G22,1)+1))-SEARCH("/",G22,1)-1))) -> 52 | D22: =VALUE(MID(G22,(SEARCH("/",G22,(SEARCH("/",G22,1)+1))+1),(SEARCH("/",G22,SEARCH("/",G22,(SEARCH("/",G22,1)+1))+1))-(SEARCH("/",G22,(SEARCH("/",G22,1)+1))+1))) -> 60 | E22: =VALUE(MID(G22,(SEARCH("/",G22,SEARCH("/",G22,(SEARCH("/",G22,1)+1))+1)+1),4)) -> 23 | F22: =CONCATENATE("ZR",LEFT(G22,3)) -> ZR180 | G22: 180/52/60/23 | H22: 3 | I22: 9.92 | J22: 446.25 | K22: 48.43 | L22: 67.84 | M22: 10.74 | N22: 6.7 | O22: 2.61 | P22: 4.88 | Q22: =P22 -> 4.88 | R22: 8.79 | S22: =R22 -> 8.79 | T22: 7.85 | V22: 0.2993 | Z22: =2*PI()*4 -> 25.132741 | AA22: =2*PI()*(4+H22) -> 43.982297 | AB22: =B22-2*(4+$H22)-72 -> 94 | AC22: =INDEX($AL$11:$AL$18,MATCH(H22,$AK$11:$AK$18)) -> 88.4526 | AD22: =C22-2*(4+$H22) -> 38 | AE22: =D22-2*(4+$H22) -> 46 | AF22: =E22-(4+$H22) -> 16 | AG22: =(Z22+AA22+2*(AB22+AC22+AD22+AE22+2*AF22))/10 -> 66.602024 | AH22: =I22/AG22*10 -> 1.4894442 | AI22: =H22/2 -> 1.5 | AJ22: =ABS(AH22-AI22) -> 0.010555772
A23: =CONCATENATE(F23,"x",(IF(H23=INT(H23),CONCATENATE(H23,",",0),H23))) -> ZR200x1,0 | B23: =LEFT(G23,3) -> 200 | C23: =VALUE(MID(G23,(SEARCH("/",G23,1)+1),(SEARCH("/",G23,(SEARCH("/",G23,1)+1))-SEARCH("/",G23,1)-1))) -> 49 | D23: =VALUE(MID(G23,(SEARCH("/",G23,(SEARCH("/",G23,1)+1))+1),(SEARCH("/",G23,SEARCH("/",G23,(SEARCH("/",G23,1)+1))+1))-(SEARCH("/",G23,(SEARCH("/",G23,1)+1))+1))) -> 57 | E23: =VALUE(MID(G23,(SEARCH("/",G23,SEARCH("/",G23,(SEARCH("/",G23,1)+1))+1)+1),4)) -> 20 | F23: =CONCATENATE("ZR",LEFT(G23,3)) -> ZR200 | G23: 200/49/57/20 | H23: 1 | I23: 3.48 | J23: 193.21 | K23: 18.9 | L23: 20.76 | M23: 3.57 | N23: 7.44 | O23: 2.44 | P23: 4.69 | Q23: =P23 -> 4.69 | R23: 9.78 | S23: =R23 -> 9.78 | T23: 2.83 | Z23: =2*PI()*4 -> 25.132741 | AA23: =2*PI()*(4+H23) -> 31.415927 | AB23: =B23-2*(4+$H23)-72 -> 118 | AC23: =INDEX($AL$11:$AL$18,MATCH(H23,$AK$11:$AK$18)) -> 88.0464 | AD23: =C23-2*(4+$H23) -> 39 | AE23: =D23-2*(4+$H23) -> 47 | AF23: =E23-(4+$H23) -> 15 | AG23: =(Z23+AA23+2*(AB23+AC23+AD23+AE23+2*AF23))/10 -> 70.064147 | AH23: =I23/AG23*10 -> 0.4966877 | AI23: =H23/2 -> 0.5 | AJ23: =ABS(AH23-AI23) -> 0.0033122988
A24: =CONCATENATE(F24,"x",(IF(H24=INT(H24),CONCATENATE(H24,",",0),H24))) -> ZR200x1,2 | B24: =LEFT(G24,3) -> 200 | C24: =VALUE(MID(G24,(SEARCH("/",G24,1)+1),(SEARCH("/",G24,(SEARCH("/",G24,1)+1))-SEARCH("/",G24,1)-1))) -> 49 | D24: =VALUE(MID(G24,(SEARCH("/",G24,(SEARCH("/",G24,1)+1))+1),(SEARCH("/",G24,SEARCH("/",G24,(SEARCH("/",G24,1)+1))+1))-(SEARCH("/",G24,(SEARCH("/",G24,1)+1))+1))) -> 57 | E24: =VALUE(MID(G24,(SEARCH("/",G24,SEARCH("/",G24,(SEARCH("/",G24,1)+1))+1)+1),4)) -> 20 | F24: =CONCATENATE("ZR",LEFT(G24,3)) -> ZR200 | G24: 200/49/57/20 | H24: 1.2 | I24: 4.19 | J24: 231.99 | K24: 22.7 | L24: 25.26 | M24: 4.36 | N24: 7.43 | O24: 2.45 | P24: 4.69 | Q24: =P24 -> 4.69 | R24: 9.78 | S24: =R24 -> 9.78 | T24: 3.39 | Z24: =2*PI()*4 -> 25.132741 | AA24: =2*PI()*(4+H24) -> 32.672564 | AB24: =B24-2*(4+$H24)-72 -> 117.6 | AC24: =INDEX($AL$11:$AL$18,MATCH(H24,$AK$11:$AK$18)) -> 88.0849 | AD24: =C24-2*(4+$H24) -> 38.6 | AE24: =D24-2*(4+$H24) -> 46.6 | AF24: =E24-(4+$H24) -> 14.8 | AG24: =(Z24+AA24+2*(AB24+AC24+AD24+AE24+2*AF24))/10 -> 69.87751 | AH24: =I24/AG24*10 -> 0.59962067 | AI24: =H24/2 -> 0.6 | AJ24: =ABS(AH24-AI24) -> 0.00037932504
A25: =CONCATENATE(F25,"x",(IF(H25=INT(H25),CONCATENATE(H25,",",0),H25))) -> ZR200x1,5 | B25: =LEFT(G25,3) -> 200 | C25: =VALUE(MID(G25,(SEARCH("/",G25,1)+1),(SEARCH("/",G25,(SEARCH("/",G25,1)+1))-SEARCH("/",G25,1)-1))) -> 49 | D25: =VALUE(MID(G25,(SEARCH("/",G25,(SEARCH("/",G25,1)+1))+1),(SEARCH("/",G25,SEARCH("/",G25,(SEARCH("/",G25,1)+1))+1))-(SEARCH("/",G25,(SEARCH("/",G25,1)+1))+1))) -> 57 | E25: =VALUE(MID(G25,(SEARCH("/",G25,SEARCH("/",G25,(SEARCH("/",G25,1)+1))+1)+1),4)) -> 20 | F25: =CONCATENATE("ZR",LEFT(G25,3)) -> ZR200 | G25: 200/49/57/20 | H25: 1.5 | I25: 5.19 | J25: 285.51 | K25: 27.91 | L25: 30.19 | M25: 5.08 | N25: 7.41 | O25: 2.41 | P25: 4.66 | Q25: =P25 -> 4.66 | R25: 9.77 | S25: =R25 -> 9.77 | T25: 4.09 | V25: 0.0391 | Z25: =2*PI()*4 -> 25.132741 | AA25: =2*PI()*(4+H25) -> 34.557519 | AB25: =B25-2*(4+$H25)-72 -> 117 | AC25: =INDEX($AL$11:$AL$18,MATCH(H25,$AK$11:$AK$18)) -> 88.1436 | AD25: =C25-2*(4+$H25) -> 38 | AE25: =D25-2*(4+$H25) -> 46 | AF25: =E25-(4+$H25) -> 14.5 | AG25: =(Z25+AA25+2*(AB25+AC25+AD25+AE25+2*AF25))/10 -> 69.597746 | AH25: =I25/AG25*10 -> 0.7457138 | AI25: =H25/2 -> 0.75 | AJ25: =ABS(AH25-AI25) -> 0.0042861953
A26: =CONCATENATE(F26,"x",(IF(H26=INT(H26),CONCATENATE(H26,",",0),H26))) -> ZR200x2,0 | B26: =LEFT(G26,3) -> 200 | C26: =VALUE(MID(G26,(SEARCH("/",G26,1)+1),(SEARCH("/",G26,(SEARCH("/",G26,1)+1))-SEARCH("/",G26,1)-1))) -> 50 | D26: =VALUE(MID(G26,(SEARCH("/",G26,(SEARCH("/",G26,1)+1))+1),(SEARCH("/",G26,SEARCH("/",G26,(SEARCH("/",G26,1)+1))+1))-(SEARCH("/",G26,(SEARCH("/",G26,1)+1))+1))) -> 58 | E26: =VALUE(MID(G26,(SEARCH("/",G26,SEARCH("/",G26,(SEARCH("/",G26,1)+1))+1)+1),4)) -> 21 | F26: =CONCATENATE("ZR",LEFT(G26,3)) -> ZR200 | G26: 200/50/58/21 | H26: 2 | I26: 6.95 | J26: 381.44 | K26: 37.29 | L26: 41.87 | M26: 6.9 | N26: 7.4 | O26: 2.45 | P26: 4.74 | Q26: =P26 -> 4.74 | R26: 9.77 | S26: =R26 -> 9.77 | T26: 5.48 | V26: 0.0931 | Z26: =2*PI()*4 -> 25.132741 | AA26: =2*PI()*(4+H26) -> 37.699112 | AB26: =B26-2*(4+$H26)-72 -> 116 | AC26: =INDEX($AL$11:$AL$18,MATCH(H26,$AK$11:$AK$18)) -> 88.2436 | AD26: =C26-2*(4+$H26) -> 38 | AE26: =D26-2*(4+$H26) -> 46 | AF26: =E26-(4+$H26) -> 15 | AG26: =(Z26+AA26+2*(AB26+AC26+AD26+AE26+2*AF26))/10 -> 69.931905 | AH26: =I26/AG26*10 -> 0.99382392 | AI26: =H26/2 -> 1 | AJ26: =ABS(AH26-AI26) -> 0.0061760838
A27: =CONCATENATE(F27,"x",(IF(H27=INT(H27),CONCATENATE(H27,",",0),H27))) -> ZR200x2,5 | B27: =LEFT(G27,3) -> 200 | C27: =VALUE(MID(G27,(SEARCH("/",G27,1)+1),(SEARCH("/",G27,(SEARCH("/",G27,1)+1))-SEARCH("/",G27,1)-1))) -> 51 | D27: =VALUE(MID(G27,(SEARCH("/",G27,(SEARCH("/",G27,1)+1))+1),(SEARCH("/",G27,SEARCH("/",G27,(SEARCH("/",G27,1)+1))+1))-(SEARCH("/",G27,(SEARCH("/",G27,1)+1))+1))) -> 59 | E27: =VALUE(MID(G27,(SEARCH("/",G27,SEARCH("/",G27,(SEARCH("/",G27,1)+1))+1)+1),4)) -> 22 | F27: =CONCATENATE("ZR",LEFT(G27,3)) -> ZR200 | G27: 200/51/59/22 | H27: 2.5 | I27: 8.73 | J27: 477.66 | K27: 46.71 | L27: 54.42 | M27: 8.79 | N27: 7.39 | O27: 2.49 | P27: 4.81 | Q27: =P27 -> 4.81 | R27: 9.77 | S27: =R27 -> 9.77 | T27: 6.9 | V27: 0.1828 | Z27: =2*PI()*4 -> 25.132741 | AA27: =2*PI()*(4+H27) -> 40.840704 | AB27: =B27-2*(4+$H27)-72 -> 115 | AC27: =INDEX($AL$11:$AL$18,MATCH(H27,$AK$11:$AK$18)) -> 88.3466 | AD27: =C27-2*(4+$H27) -> 38 | AE27: =D27-2*(4+$H27) -> 46 | AF27: =E27-(4+$H27) -> 15.5 | AG27: =(Z27+AA27+2*(AB27+AC27+AD27+AE27+2*AF27))/10 -> 70.266665 | AH27: =I27/AG27*10 -> 1.2424099 | AI27: =H27/2 -> 1.25 | AJ27: =ABS(AH27-AI27) -> 0.0075900958
A28: =CONCATENATE(F28,"x",(IF(H28=INT(H28),CONCATENATE(H28,",",0),H28))) -> ZR200x3,0 | B28: =LEFT(G28,3) -> 200 | C28: =VALUE(MID(G28,(SEARCH("/",G28,1)+1),(SEARCH("/",G28,(SEARCH("/",G28,1)+1))-SEARCH("/",G28,1)-1))) -> 52 | D28: =VALUE(MID(G28,(SEARCH("/",G28,(SEARCH("/",G28,1)+1))+1),(SEARCH("/",G28,SEARCH("/",G28,(SEARCH("/",G28,1)+1))+1))-(SEARCH("/",G28,(SEARCH("/",G28,1)+1))+1))) -> 60 | E28: =VALUE(MID(G28,(SEARCH("/",G28,SEARCH("/",G28,(SEARCH("/",G28,1)+1))+1)+1),4)) -> 23 | F28: =CONCATENATE("ZR",LEFT(G28,3)) -> ZR200 | G28: 200/52/60/23 | H28: 3 | I28: 10.52 | J28: 574.16 | K28: 56.15 | L28: 67.86 | M28: 10.75 | N28: 7.38 | O28: 2.53 | P28: 4.89 | Q28: =P28 -> 4.89 | R28: 9.78 | S28: =R28 -> 9.78 | T28: 8.32 | V28: 0.3173 | Z28: =2*PI()*4 -> 25.132741 | AA28: =2*PI()*(4+H28) -> 43.982297 | AB28: =B28-2*(4+$H28)-72 -> 114 | AC28: =INDEX($AL$11:$AL$18,MATCH(H28,$AK$11:$AK$18)) -> 88.4526 | AD28: =C28-2*(4+$H28) -> 38 | AE28: =D28-2*(4+$H28) -> 46 | AF28: =E28-(4+$H28) -> 16 | AG28: =(Z28+AA28+2*(AB28+AC28+AD28+AE28+2*AF28))/10 -> 70.602024 | AH28: =I28/AG28*10 -> 1.4900423 | AI28: =H28/2 -> 1.5 | AJ28: =ABS(AH28-AI28) -> 0.0099577281
A29: =CONCATENATE(F29,"x",(IF(H29=INT(H29),CONCATENATE(H29,",",0),H29))) -> ZR220x1,5 | B29: =LEFT(G29,3) -> 220 | C29: =VALUE(MID(G29,(SEARCH("/",G29,1)+1),(SEARCH("/",G29,(SEARCH("/",G29,1)+1))-SEARCH("/",G29,1)-1))) -> 49 | D29: =VALUE(MID(G29,(SEARCH("/",G29,(SEARCH("/",G29,1)+1))+1),(SEARCH("/",G29,SEARCH("/",G29,(SEARCH("/",G29,1)+1))+1))-(SEARCH("/",G29,(SEARCH("/",G29,1)+1))+1))) -> 57 | E29: =VALUE(MID(G29,(SEARCH("/",G29,SEARCH("/",G29,(SEARCH("/",G29,1)+1))+1)+1),4)) -> 20 | F29: =CONCATENATE("ZR",LEFT(G29,3)) -> ZR220 | G29: 220/49/57/20 | H29: 1.5 | I29: 5.49 | J29: 358.68 | K29: 31.91 | L29: 30.19 | M29: 5.09 | N29: 8.08 | O29: 2.34 | P29: 4.67 | Q29: =P29 -> 4.67 | R29: 10.76 | S29: =R29 -> 10.76 | T29: 4.33 | V29: 0.0414 | Z29: =2*PI()*4 -> 25.132741 | AA29: =2*PI()*(4+H29) -> 34.557519 | AB29: =B29-2*(4+$H29)-72 -> 137 | AC29: =INDEX($AL$11:$AL$18,MATCH(H29,$AK$11:$AK$18)) -> 88.1436 | AD29: =C29-2*(4+$H29) -> 38 | AE29: =D29-2*(4+$H29) -> 46 | AF29: =E29-(4+$H29) -> 14.5 | AG29: =(Z29+AA29+2*(AB29+AC29+AD29+AE29+2*AF29))/10 -> 73.597746 | AH29: =I29/AG29*10 -> 0.74594676 | AI29: =H29/2 -> 0.75 | AJ29: =ABS(AH29-AI29) -> 0.0040532428
A30: =CONCATENATE(F30,"x",(IF(H30=INT(H30),CONCATENATE(H30,",",0),H30))) -> ZR220x2,0 | B30: =LEFT(G30,3) -> 220 | C30: =VALUE(MID(G30,(SEARCH("/",G30,1)+1),(SEARCH("/",G30,(SEARCH("/",G30,1)+1))-SEARCH("/",G30,1)-1))) -> 50 | D30: =VALUE(MID(G30,(SEARCH("/",G30,(SEARCH("/",G30,1)+1))+1),(SEARCH("/",G30,SEARCH("/",G30,(SEARCH("/",G30,1)+1))+1))-(SEARCH("/",G30,(SEARCH("/",G30,1)+1))+1))) -> 58 | E30: =VALUE(MID(G30,(SEARCH("/",G30,SEARCH("/",G30,(SEARCH("/",G30,1)+1))+1)+1),4)) -> 21 | F30: =CONCATENATE("ZR",LEFT(G30,3)) -> ZR220 | G30: 220/50/58/21 | H30: 2 | I30: 7.35 | J30: 479.39 | K30: 42.66 | L30: 41.88 | M30: 6.91 | N30: 8.07 | O30: 2.38 | P30: 4.75 | Q30: =P30 -> 4.75 | R30: 10.76 | S30: =R30 -> 10.76 | T30: 5.8 | V30: 0.0985 | Z30: =2*PI()*4 -> 25.132741 | AA30: =2*PI()*(4+H30) -> 37.699112 | AB30: =B30-2*(4+$H30)-72 -> 136 | AC30: =INDEX($AL$11:$AL$18,MATCH(H30,$AK$11:$AK$18)) -> 88.2436 | AD30: =C30-2*(4+$H30) -> 38 | AE30: =D30-2*(4+$H30) -> 46 | AF30: =E30-(4+$H30) -> 15 | AG30: =(Z30+AA30+2*(AB30+AC30+AD30+AE30+2*AF30))/10 -> 73.931905 | AH30: =I30/AG30*10 -> 0.99415807 | AI30: =H30/2 -> 1 | AJ30: =ABS(AH30-AI30) -> 0.0058419339
A31: =CONCATENATE(F31,"x",(IF(H31=INT(H31),CONCATENATE(H31,",",0),H31))) -> ZR220x2,5 | B31: =LEFT(G31,3) -> 220 | C31: =VALUE(MID(G31,(SEARCH("/",G31,1)+1),(SEARCH("/",G31,(SEARCH("/",G31,1)+1))-SEARCH("/",G31,1)-1))) -> 51 | D31: =VALUE(MID(G31,(SEARCH("/",G31,(SEARCH("/",G31,1)+1))+1),(SEARCH("/",G31,SEARCH("/",G31,(SEARCH("/",G31,1)+1))+1))-(SEARCH("/",G31,(SEARCH("/",G31,1)+1))+1))) -> 59 | E31: =VALUE(MID(G31,(SEARCH("/",G31,SEARCH("/",G31,(SEARCH("/",G31,1)+1))+1)+1),4)) -> 22 | F31: =CONCATENATE("ZR",LEFT(G31,3)) -> ZR220 | G31: 220/51/59/22 | H31: 2.5 | I31: 9.23 | J31: 600.6 | K31: 53.45 | L31: 54.43 | M31: 8.81 | N31: 8.06 | O31: 2.42 | P31: 4.82 | Q31: =P31 -> 4.82 | R31: 10.76 | S31: =R31 -> 10.76 | T31: 7.29 | V31: 0.1932 | Z31: =2*PI()*4 -> 25.132741 | AA31: =2*PI()*(4+H31) -> 40.840704 | AB31: =B31-2*(4+$H31)-72 -> 135 | AC31: =INDEX($AL$11:$AL$18,MATCH(H31,$AK$11:$AK$18)) -> 88.3466 | AD31: =C31-2*(4+$H31) -> 38 | AE31: =D31-2*(4+$H31) -> 46 | AF31: =E31-(4+$H31) -> 15.5 | AG31: =(Z31+AA31+2*(AB31+AC31+AD31+AE31+2*AF31))/10 -> 74.266665 | AH31: =I31/AG31*10 -> 1.2428187 | AI31: =H31/2 -> 1.25 | AJ31: =ABS(AH31-AI31) -> 0.0071812935
A32: =CONCATENATE(F32,"x",(IF(H32=INT(H32),CONCATENATE(H32,",",0),H32))) -> ZR220x3,0 | B32: =LEFT(G32,3) -> 220 | C32: =VALUE(MID(G32,(SEARCH("/",G32,1)+1),(SEARCH("/",G32,(SEARCH("/",G32,1)+1))-SEARCH("/",G32,1)-1))) -> 52 | D32: =VALUE(MID(G32,(SEARCH("/",G32,(SEARCH("/",G32,1)+1))+1),(SEARCH("/",G32,SEARCH("/",G32,(SEARCH("/",G32,1)+1))+1))-(SEARCH("/",G32,(SEARCH("/",G32,1)+1))+1))) -> 60 | E32: =VALUE(MID(G32,(SEARCH("/",G32,SEARCH("/",G32,(SEARCH("/",G32,1)+1))+1)+1),4)) -> 23 | F32: =CONCATENATE("ZR",LEFT(G32,3)) -> ZR220 | G32: 220/52/60/23 | H32: 3 | I32: 11.12 | J32: 722.26 | K32: 64.29 | L32: 67.88 | M32: 10.77 | N32: 8.05 | O32: 2.47 | P32: 4.9 | Q32: =P32 -> 4.9 | R32: 10.77 | S32: =R32 -> 10.77 | T32: 8.79 | V32: 0.3353 | Z32: =2*PI()*4 -> 25.132741 | AA32: =2*PI()*(4+H32) -> 43.982297 | AB32: =B32-2*(4+$H32)-72 -> 134 | AC32: =INDEX($AL$11:$AL$18,MATCH(H32,$AK$11:$AK$18)) -> 88.4526 | AD32: =C32-2*(4+$H32) -> 38 | AE32: =D32-2*(4+$H32) -> 46 | AF32: =E32-(4+$H32) -> 16 | AG32: =(Z32+AA32+2*(AB32+AC32+AD32+AE32+2*AF32))/10 -> 74.602024 | AH32: =I32/AG32*10 -> 1.4905762 | AI32: =H32/2 -> 1.5 | AJ32: =ABS(AH32-AI32) -> 0.0094238161
A33: =CONCATENATE(F33,"x",(IF(H33=INT(H33),CONCATENATE(H33,",",0),H33))) -> ZR250x1,0 | B33: =LEFT(G33,3) -> 250 | C33: =VALUE(MID(G33,(SEARCH("/",G33,1)+1),(SEARCH("/",G33,(SEARCH("/",G33,1)+1))-SEARCH("/",G33,1)-1))) -> 63 | D33: =VALUE(MID(G33,(SEARCH("/",G33,(SEARCH("/",G33,1)+1))+1),(SEARCH("/",G33,SEARCH("/",G33,(SEARCH("/",G33,1)+1))+1))-(SEARCH("/",G33,(SEARCH("/",G33,1)+1))+1))) -> 73 | E33: =VALUE(MID(G33,(SEARCH("/",G33,SEARCH("/",G33,(SEARCH("/",G33,1)+1))+1)+1),4)) -> 20 | F33: =CONCATENATE("ZR",LEFT(G33,3)) -> ZR250 | G33: 250/63/73/20 | H33: 1 | I33: 4.32 | J33: 380.67 | K33: 29.78 | L33: 39.78 | M33: 5.45 | N33: 9.37 | O33: 3.03 | P33: 6.2 | Q33: =P33 -> 6.2 | R33: 12.22 | S33: =R33 -> 12.22 | T33: 3.49 | Z33: =2*PI()*4 -> 25.132741 | AA33: =2*PI()*(4+H33) -> 31.415927 | AB33: =B33-2*(4+$H33)-72 -> 168 | AC33: =INDEX($AL$11:$AL$18,MATCH(H33,$AK$11:$AK$18)) -> 88.0464 | AD33: =C33-2*(4+$H33) -> 53 | AE33: =D33-2*(4+$H33) -> 63 | AF33: =E33-(4+$H33) -> 15 | AG33: =(Z33+AA33+2*(AB33+AC33+AD33+AE33+2*AF33))/10 -> 86.064147 | AH33: =I33/AG33*10 -> 0.50195118 | AI33: =H33/2 -> 0.5 | AJ33: =ABS(AH33-AI33) -> 0.0019511796
A34: =CONCATENATE(F34,"x",(IF(H34=INT(H34),CONCATENATE(H34,",",0),H34))) -> ZR250x1,2 | B34: =LEFT(G34,3) -> 250 | C34: =VALUE(MID(G34,(SEARCH("/",G34,1)+1),(SEARCH("/",G34,(SEARCH("/",G34,1)+1))-SEARCH("/",G34,1)-1))) -> 63 | D34: =VALUE(MID(G34,(SEARCH("/",G34,(SEARCH("/",G34,1)+1))+1),(SEARCH("/",G34,SEARCH("/",G34,(SEARCH("/",G34,1)+1))+1))-(SEARCH("/",G34,(SEARCH("/",G34,1)+1))+1))) -> 73 | E34: =VALUE(MID(G34,(SEARCH("/",G34,SEARCH("/",G34,(SEARCH("/",G34,1)+1))+1)+1),4)) -> 20 | F34: =CONCATENATE("ZR",LEFT(G34,3)) -> ZR250 | G34: 250/63/73/20 | H34: 1.2 | I34: 5.2 | J34: 457.15 | K34: 35.77 | L34: 48.33 | M34: 6.62 | N34: 9.37 | O34: 3.04 | P34: 6.19 | Q34: =P34 -> 6.19 | R34: 12.22 | S34: =R34 -> 12.22 | T34: 4.18 | Z34: =2*PI()*4 -> 25.132741 | AA34: =2*PI()*(4+H34) -> 32.672564 | AB34: =B34-2*(4+$H34)-72 -> 167.6 | AC34: =INDEX($AL$11:$AL$18,MATCH(H34,$AK$11:$AK$18)) -> 88.0849 | AD34: =C34-2*(4+$H34) -> 52.6 | AE34: =D34-2*(4+$H34) -> 62.6 | AF34: =E34-(4+$H34) -> 14.8 | AG34: =(Z34+AA34+2*(AB34+AC34+AD34+AE34+2*AF34))/10 -> 85.87751 | AH34: =I34/AG34*10 -> 0.60551359 | AI34: =H34/2 -> 0.6 | AJ34: =ABS(AH34-AI34) -> 0.0055135938
A35: =CONCATENATE(F35,"x",(IF(H35=INT(H35),CONCATENATE(H35,",",0),H35))) -> ZR250x2,0 | B35: =LEFT(G35,3) -> 250 | C35: =VALUE(MID(G35,(SEARCH("/",G35,1)+1),(SEARCH("/",G35,(SEARCH("/",G35,1)+1))-SEARCH("/",G35,1)-1))) -> 63 | D35: =VALUE(MID(G35,(SEARCH("/",G35,(SEARCH("/",G35,1)+1))+1),(SEARCH("/",G35,SEARCH("/",G35,(SEARCH("/",G35,1)+1))+1))-(SEARCH("/",G35,(SEARCH("/",G35,1)+1))+1))) -> 73 | E35: =VALUE(MID(G35,(SEARCH("/",G35,SEARCH("/",G35,(SEARCH("/",G35,1)+1))+1)+1),4)) -> 20 | F35: =CONCATENATE("ZR",LEFT(G35,3)) -> ZR250 | G35: 250/63/73/20 | H35: 2 | I35: 8.47 | J35: 734.59 | K35: 57.42 | L35: 72.02 | M35: 9.64 | N35: 9.3 | O35: 2.91 | P35: 6.13 | Q35: =P35 -> 6.13 | R35: 12.21 | S35: =R35 -> 12.21 | T35: 6.68 | V35: 0.114 | W35: 0.2268 | X35: 1055.1538 | Z35: =2*PI()*4 -> 25.132741 | AA35: =2*PI()*(4+H35) -> 37.699112 | AB35: =B35-2*(4+$H35)-72 -> 166 | AC35: =INDEX($AL$11:$AL$18,MATCH(H35,$AK$11:$AK$18)) -> 88.2436 | AD35: =C35-2*(4+$H35) -> 51 | AE35: =D35-2*(4+$H35) -> 61 | AF35: =E35-(4+$H35) -> 14 | AG35: =(Z35+AA35+2*(AB35+AC35+AD35+AE35+2*AF35))/10 -> 85.131905 | AH35: =I35/AG35*10 -> 0.99492663 | AI35: =H35/2 -> 1 | AJ35: =ABS(AH35-AI35) -> 0.0050733659
A36: =CONCATENATE(F36,"x",(IF(H36=INT(H36),CONCATENATE(H36,",",0),H36))) -> ZR250x2,5 | B36: =LEFT(G36,3) -> 250 | C36: =VALUE(MID(G36,(SEARCH("/",G36,1)+1),(SEARCH("/",G36,(SEARCH("/",G36,1)+1))-SEARCH("/",G36,1)-1))) -> 64 | D36: =VALUE(MID(G36,(SEARCH("/",G36,(SEARCH("/",G36,1)+1))+1),(SEARCH("/",G36,SEARCH("/",G36,(SEARCH("/",G36,1)+1))+1))-(SEARCH("/",G36,(SEARCH("/",G36,1)+1))+1))) -> 74 | E36: =VALUE(MID(G36,(SEARCH("/",G36,SEARCH("/",G36,(SEARCH("/",G36,1)+1))+1)+1),4)) -> 21 | F36: =CONCATENATE("ZR",LEFT(G36,3)) -> ZR250 | G36: 250/64/74/21 | H36: 2.5 | I36: 10.63 | J36: 920.15 | K36: 71.93 | L36: 93.15 | M36: 12.26 | N36: 9.3 | O36: 2.96 | P36: 6.21 | Q36: =P36 -> 6.21 | R36: 12.21 | S36: =R36 -> 12.21 | T36: 8.39 | V36: 0.2224 | W36: 0.4447 | X36: 1352.2508 | Z36: =2*PI()*4 -> 25.132741 | AA36: =2*PI()*(4+H36) -> 40.840704 | AB36: =B36-2*(4+$H36)-72 -> 165 | AC36: =INDEX($AL$11:$AL$18,MATCH(H36,$AK$11:$AK$18)) -> 88.3466 | AD36: =C36-2*(4+$H36) -> 51 | AE36: =D36-2*(4+$H36) -> 61 | AF36: =E36-(4+$H36) -> 14.5 | AG36: =(Z36+AA36+2*(AB36+AC36+AD36+AE36+2*AF36))/10 -> 85.466665 | AH36: =I36/AG36*10 -> 1.2437598 | AI36: =H36/2 -> 1.25 | AJ36: =ABS(AH36-AI36) -> 0.0062402191
A37: =CONCATENATE(F37,"x",(IF(H37=INT(H37),CONCATENATE(H37,",",0),H37))) -> ZR250x3,0 | B37: =LEFT(G37,3) -> 250 | C37: =VALUE(MID(G37,(SEARCH("/",G37,1)+1),(SEARCH("/",G37,(SEARCH("/",G37,1)+1))-SEARCH("/",G37,1)-1))) -> 65 | D37: =VALUE(MID(G37,(SEARCH("/",G37,(SEARCH("/",G37,1)+1))+1),(SEARCH("/",G37,SEARCH("/",G37,(SEARCH("/",G37,1)+1))+1))-(SEARCH("/",G37,(SEARCH("/",G37,1)+1))+1))) -> 75 | E37: =VALUE(MID(G37,(SEARCH("/",G37,SEARCH("/",G37,(SEARCH("/",G37,1)+1))+1)+1),4)) -> 22 | F37: =CONCATENATE("ZR",LEFT(G37,3)) -> ZR250 | G37: 250/65/75/22 | H37: 3 | I37: 12.8 | J37: 1106.38 | K37: 86.5 | L37: 115.62 | M37: 14.98 | N37: 9.29 | O37: 3 | P37: 6.28 | Q37: =P37 -> 6.28 | R37: 12.21 | S37: =R37 -> 12.21 | T37: 10.11 | V37: 0.3857 | W37: 0.7715 | X37: 1663.3283 | Z37: =2*PI()*4 -> 25.132741 | AA37: =2*PI()*(4+H37) -> 43.982297 | AB37: =B37-2*(4+$H37)-72 -> 164 | AC37: =INDEX($AL$11:$AL$18,MATCH(H37,$AK$11:$AK$18)) -> 88.4526 | AD37: =C37-2*(4+$H37) -> 51 | AE37: =D37-2*(4+$H37) -> 61 | AF37: =E37-(4+$H37) -> 15 | AG37: =(Z37+AA37+2*(AB37+AC37+AD37+AE37+2*AF37))/10 -> 85.802024 | AH37: =I37/AG37*10 -> 1.4918063 | AI37: =H37/2 -> 1.5 | AJ37: =ABS(AH37-AI37) -> 0.0081936967
A38: =CONCATENATE(F38,"x",(IF(H38=INT(H38),CONCATENATE(H38,",",0),H38))) -> ZR250x3,5 | B38: =LEFT(G38,3) -> 250 | C38: =VALUE(MID(G38,(SEARCH("/",G38,1)+1),(SEARCH("/",G38,(SEARCH("/",G38,1)+1))-SEARCH("/",G38,1)-1))) -> 66 | D38: =VALUE(MID(G38,(SEARCH("/",G38,(SEARCH("/",G38,1)+1))+1),(SEARCH("/",G38,SEARCH("/",G38,(SEARCH("/",G38,1)+1))+1))-(SEARCH("/",G38,(SEARCH("/",G38,1)+1))+1))) -> 76 | E38: =VALUE(MID(G38,(SEARCH("/",G38,SEARCH("/",G38,(SEARCH("/",G38,1)+1))+1)+1),4)) -> 23 | F38: =CONCATENATE("ZR",LEFT(G38,3)) -> ZR250 | G38: 250/66/76/23 | H38: 3.5 | I38: 14.99 | J38: 1293.21 | K38: 101.12 | L38: 139.46 | M38: 17.79 | N38: 9.28 | O38: 3.04 | P38: 6.36 | Q38: =P38 -> 6.36 | R38: 12.21 | S38: =R38 -> 12.21 | T38: 11.85 | V38: 0.6149 | W38: 1.2298 | X38: 1988.7223 | Z38: =2*PI()*4 -> 25.132741 | AA38: =2*PI()*(4+H38) -> 47.12389 | AB38: =B38-2*(4+$H38)-72 -> 163 | AC38: =INDEX($AL$11:$AL$18,MATCH(H38,$AK$11:$AK$18)) -> 88.5619 | AD38: =C38-2*(4+$H38) -> 51 | AE38: =D38-2*(4+$H38) -> 61 | AF38: =E38-(4+$H38) -> 15.5 | AG38: =(Z38+AA38+2*(AB38+AC38+AD38+AE38+2*AF38))/10 -> 86.138043 | AH38: =I38/AG38*10 -> 1.7402299 | AI38: =H38/2 -> 1.75 | AJ38: =ABS(AH38-AI38) -> 0.0097700784
A39: =CONCATENATE(F39,"x",(IF(H39=INT(H39),CONCATENATE(H39,",",0),H39))) -> ZR300x2,0 | B39: =LEFT(G39,3) -> 300 | C39: =VALUE(MID(G39,(SEARCH("/",G39,1)+1),(SEARCH("/",G39,(SEARCH("/",G39,1)+1))-SEARCH("/",G39,1)-1))) -> 85 | D39: =VALUE(MID(G39,(SEARCH("/",G39,(SEARCH("/",G39,1)+1))+1),(SEARCH("/",G39,SEARCH("/",G39,(SEARCH("/",G39,1)+1))+1))-(SEARCH("/",G39,(SEARCH("/",G39,1)+1))+1))) -> 93 | E39: =VALUE(MID(G39,(SEARCH("/",G39,SEARCH("/",G39,(SEARCH("/",G39,1)+1))+1)+1),4)) -> 20.5 | F39: =CONCATENATE("ZR",LEFT(G39,3)) -> ZR300 | G39: 300/85/93/20,5 | H39: 2 | I39: 10.33 | J39: 1328.13 | K39: 87.2 | L39: 144.49 | M39: 15.28 | N39: 11.33 | O39: 3.73 | P39: 8.34 | Q39: =P39 -> 8.34 | R39: 14.77 | S39: =R39 -> 14.77 | T39: 8.14 | V39: 0.1383 | W39: 0.2764 | X39: 2083.7332 | Z39: =2*PI()*4 -> 25.132741 | AA39: =2*PI()*(4+H39) -> 37.699112 | AB39: =B39-2*(4+$H39)-72 -> 216 | AC39: =INDEX($AL$11:$AL$18,MATCH(H39,$AK$11:$AK$18)) -> 88.2436 | AD39: =C39-2*(4+$H39) -> 73 | AE39: =D39-2*(4+$H39) -> 81 | AF39: =E39-(4+$H39) -> 14.5 | AG39: =(Z39+AA39+2*(AB39+AC39+AD39+AE39+2*AF39))/10 -> 103.73191 | AH39: =I39/AG39*10 -> 0.99583633 | AI39: =H39/2 -> 1 | AJ39: =ABS(AH39-AI39) -> 0.0041636689
A40: =CONCATENATE(F40,"x",(IF(H40=INT(H40),CONCATENATE(H40,",",0),H40))) -> ZR300x2,5 | B40: =LEFT(G40,3) -> 300 | C40: =VALUE(MID(G40,(SEARCH("/",G40,1)+1),(SEARCH("/",G40,(SEARCH("/",G40,1)+1))-SEARCH("/",G40,1)-1))) -> 86 | D40: =VALUE(MID(G40,(SEARCH("/",G40,(SEARCH("/",G40,1)+1))+1),(SEARCH("/",G40,SEARCH("/",G40,(SEARCH("/",G40,1)+1))+1))-(SEARCH("/",G40,(SEARCH("/",G40,1)+1))+1))) -> 94 | E40: =VALUE(MID(G40,(SEARCH("/",G40,SEARCH("/",G40,(SEARCH("/",G40,1)+1))+1)+1),4)) -> 21.5 | F40: =CONCATENATE("ZR",LEFT(G40,3)) -> ZR300 | G40: 300/86/94/21,5 | H40: 2.5 | I40: 12.95 | J40: 1663.04 | K40: 109.19 | L40: 185.78 | M40: 19.39 | N40: 11.32 | O40: 3.78 | P40: 8.42 | Q40: =P40 -> 8.42 | R40: 14.77 | S40: =R40 -> 14.77 | T40: 10.21 | V40: 0.2708 | W40: 0.5416 | X40: 2657.642 | Z40: =2*PI()*4 -> 25.132741 | AA40: =2*PI()*(4+H40) -> 40.840704 | AB40: =B40-2*(4+$H40)-72 -> 215 | AC40: =INDEX($AL$11:$AL$18,MATCH(H40,$AK$11:$AK$18)) -> 88.3466 | AD40: =C40-2*(4+$H40) -> 73 | AE40: =D40-2*(4+$H40) -> 81 | AF40: =E40-(4+$H40) -> 15 | AG40: =(Z40+AA40+2*(AB40+AC40+AD40+AE40+2*AF40))/10 -> 104.06666 | AH40: =I40/AG40*10 -> 1.2443946 | AI40: =H40/2 -> 1.25 | AJ40: =ABS(AH40-AI40) -> 0.0056053561
A41: =CONCATENATE(F41,"x",(IF(H41=INT(H41),CONCATENATE(H41,",",0),H41))) -> ZR300x3,0 | B41: =LEFT(G41,3) -> 300 | C41: =VALUE(MID(G41,(SEARCH("/",G41,1)+1),(SEARCH("/",G41,(SEARCH("/",G41,1)+1))-SEARCH("/",G41,1)-1))) -> 87 | D41: =VALUE(MID(G41,(SEARCH("/",G41,(SEARCH("/",G41,1)+1))+1),(SEARCH("/",G41,SEARCH("/",G41,(SEARCH("/",G41,1)+1))+1))-(SEARCH("/",G41,(SEARCH("/",G41,1)+1))+1))) -> 95 | E41: =VALUE(MID(G41,(SEARCH("/",G41,SEARCH("/",G41,(SEARCH("/",G41,1)+1))+1)+1),4)) -> 22.5 | F41: =CONCATENATE("ZR",LEFT(G41,3)) -> ZR300 | G41: 300/87/95/22,5 | H41: 3 | I41: 15.59 | J41: 1998.97 | K41: 131.26 | L41: 229.24 | M41: 23.62 | N41: 11.32 | O41: 3.83 | P41: 8.5 | Q41: =P41 -> 8.5 | R41: 14.77 | S41: =R41 -> 14.77 | T41: 12.3 | V41: 0.4694 | W41: 0.9389 | X41: 3253.5771 | Z41: =2*PI()*4 -> 25.132741 | AA41: =2*PI()*(4+H41) -> 43.982297 | AB41: =B41-2*(4+$H41)-72 -> 214 | AC41: =INDEX($AL$11:$AL$18,MATCH(H41,$AK$11:$AK$18)) -> 88.4526 | AD41: =C41-2*(4+$H41) -> 73 | AE41: =D41-2*(4+$H41) -> 81 | AF41: =E41-(4+$H41) -> 15.5 | AG41: =(Z41+AA41+2*(AB41+AC41+AD41+AE41+2*AF41))/10 -> 104.40202 | AH41: =I41/AG41*10 -> 1.4932661 | AI41: =H41/2 -> 1.5 | AJ41: =ABS(AH41-AI41) -> 0.0067339284
A42: =CONCATENATE(F42,"x",(IF(H42=INT(H42),CONCATENATE(H42,",",0),H42))) -> ZR300x3,5 | B42: =LEFT(G42,3) -> 300 | C42: =VALUE(MID(G42,(SEARCH("/",G42,1)+1),(SEARCH("/",G42,(SEARCH("/",G42,1)+1))-SEARCH("/",G42,1)-1))) -> 88 | D42: =VALUE(MID(G42,(SEARCH("/",G42,(SEARCH("/",G42,1)+1))+1),(SEARCH("/",G42,SEARCH("/",G42,(SEARCH("/",G42,1)+1))+1))-(SEARCH("/",G42,(SEARCH("/",G42,1)+1))+1))) -> 96 | E42: =VALUE(MID(G42,(SEARCH("/",G42,SEARCH("/",G42,(SEARCH("/",G42,1)+1))+1)+1),4)) -> 23.5 | F42: =CONCATENATE("ZR",LEFT(G42,3)) -> ZR300 | G42: 300/88/96/23,5 | H42: 3.5 | I42: 18.24 | J42: 2335.85 | K42: 153.39 | L42: 274.94 | M42: 27.97 | N42: 11.31 | O42: 3.88 | P42: 8.57 | Q42: =P42 -> 8.57 | R42: 14.77 | S42: =R42 -> 14.77 | T42: 14.41 | V42: 0.7478 | W42: 1.4956 | X42: 3871.9645 | Z42: =2*PI()*4 -> 25.132741 | AA42: =2*PI()*(4+H42) -> 47.12389 | AB42: =B42-2*(4+$H42)-72 -> 213 | AC42: =INDEX($AL$11:$AL$18,MATCH(H42,$AK$11:$AK$18)) -> 88.5619 | AD42: =C42-2*(4+$H42) -> 73 | AE42: =D42-2*(4+$H42) -> 81 | AF42: =E42-(4+$H42) -> 16 | AG42: =(Z42+AA42+2*(AB42+AC42+AD42+AE42+2*AF42))/10 -> 104.73804 | AH42: =I42/AG42*10 -> 1.7414876 | AI42: =H42/2 -> 1.75 | AJ42: =ABS(AH42-AI42) -> 0.0085124316
A43: =CONCATENATE(F43,"x",(IF(H43=INT(H43),CONCATENATE(H43,",",0),H43))) -> ZR350x2,0 | B43: =LEFT(G43,3) -> 350 | C43: =VALUE(MID(G43,(SEARCH("/",G43,1)+1),(SEARCH("/",G43,(SEARCH("/",G43,1)+1))-SEARCH("/",G43,1)-1))) -> 94 | D43: =VALUE(MID(G43,(SEARCH("/",G43,(SEARCH("/",G43,1)+1))+1),(SEARCH("/",G43,SEARCH("/",G43,(SEARCH("/",G43,1)+1))+1))-(SEARCH("/",G43,(SEARCH("/",G43,1)+1))+1))) -> 100 | E43: =VALUE(MID(G43,(SEARCH("/",G43,SEARCH("/",G43,(SEARCH("/",G43,1)+1))+1)+1),4)) -> 23 | F43: =CONCATENATE("ZR",LEFT(G43,3)) -> ZR350 | G43: 350/94/100/23 | H43: 2 | I43: 11.75 | J43: 2036.29 | K43: 115.19 | L43: 189.85 | M43: 18.66 | N43: 13.16 | O43: 4.01 | P43: 9.23 | Q43: =P43 -> 9.23 | R43: 17.32 | S43: =R43 -> 17.32 | T43: 9.25 | V43: 0.1573 | W43: 0.3143 | X43: 2747.3941 | Z43: =2*PI()*4 -> 25.132741 | AA43: =2*PI()*(4+H43) -> 37.699112 | AB43: =B43-2*(4+$H43)-72 -> 266 | AC43: =INDEX($AL$11:$AL$18,MATCH(H43,$AK$11:$AK$18)) -> 88.2436 | AD43: =C43-2*(4+$H43) -> 82 | AE43: =D43-2*(4+$H43) -> 88 | AF43: =E43-(4+$H43) -> 17 | AG43: =(Z43+AA43+2*(AB43+AC43+AD43+AE43+2*AF43))/10 -> 117.93191 | AH43: =I43/AG43*10 -> 0.99633767 | AI43: =H43/2 -> 1 | AJ43: =ABS(AH43-AI43) -> 0.0036623279
A44: =CONCATENATE(F44,"x",(IF(H44=INT(H44),CONCATENATE(H44,",",0),H44))) -> ZR350x2,5 | B44: =LEFT(G44,3) -> 350 | C44: =VALUE(MID(G44,(SEARCH("/",G44,1)+1),(SEARCH("/",G44,(SEARCH("/",G44,1)+1))-SEARCH("/",G44,1)-1))) -> 93 | D44: =VALUE(MID(G44,(SEARCH("/",G44,(SEARCH("/",G44,1)+1))+1),(SEARCH("/",G44,SEARCH("/",G44,(SEARCH("/",G44,1)+1))+1))-(SEARCH("/",G44,(SEARCH("/",G44,1)+1))+1))) -> 100 | E44: =VALUE(MID(G44,(SEARCH("/",G44,SEARCH("/",G44,(SEARCH("/",G44,1)+1))+1)+1),4)) -> 25.5 | F44: =CONCATENATE("ZR",LEFT(G44,3)) -> ZR350 | G44: 350/93/100/25,5 | H44: 2.5 | I44: 14.73 | J44: 2543.79 | K44: 143.66 | L44: 240.71 | M44: 23.64 | N44: 13.14 | O44: 4.04 | P44: 9.12 | Q44: =P44 -> 9.12 | R44: 17.29 | S44: =R44 -> 17.29 | T44: 11.61 | V44: 0.3078 | W44: 0.6156 | X44: 3422.1871 | Z44: =2*PI()*4 -> 25.132741 | AA44: =2*PI()*(4+H44) -> 40.840704 | AB44: =B44-2*(4+$H44)-72 -> 265 | AC44: =INDEX($AL$11:$AL$18,MATCH(H44,$AK$11:$AK$18)) -> 88.3466 | AD44: =C44-2*(4+$H44) -> 80 | AE44: =D44-2*(4+$H44) -> 87 | AF44: =E44-(4+$H44) -> 19 | AG44: =(Z44+AA44+2*(AB44+AC44+AD44+AE44+2*AF44))/10 -> 118.26666 | AH44: =I44/AG44*10 -> 1.2454904 | AI44: =H44/2 -> 1.25 | AJ44: =ABS(AH44-AI44) -> 0.0045095608
A45: =CONCATENATE(F45,"x",(IF(H45=INT(H45),CONCATENATE(H45,",",0),H45))) -> ZR350x3,0 | B45: =LEFT(G45,3) -> 350 | C45: =VALUE(MID(G45,(SEARCH("/",G45,1)+1),(SEARCH("/",G45,(SEARCH("/",G45,1)+1))-SEARCH("/",G45,1)-1))) -> 92 | D45: =VALUE(MID(G45,(SEARCH("/",G45,(SEARCH("/",G45,1)+1))+1),(SEARCH("/",G45,SEARCH("/",G45,(SEARCH("/",G45,1)+1))+1))-(SEARCH("/",G45,(SEARCH("/",G45,1)+1))+1))) -> 100 | E45: =VALUE(MID(G45,(SEARCH("/",G45,SEARCH("/",G45,(SEARCH("/",G45,1)+1))+1)+1),4)) -> 28 | F45: =CONCATENATE("ZR",LEFT(G45,3)) -> ZR350 | G45: 350/92/100/28 | H45: 3 | I45: 17.72 | J45: 3049.69 | K45: 171.96 | L45: 292.62 | M45: 28.73 | N45: 13.11 | O45: 4.06 | P45: 9.02 | Q45: =P45 -> 9.02 | R45: 17.27 | S45: =R45 -> 17.27 | T45: 13.98 | V45: 0.5333 | W45: 1.0685 | X45: 4099.6823 | Z45: =2*PI()*4 -> 25.132741 | AA45: =2*PI()*(4+H45) -> 43.982297 | AB45: =B45-2*(4+$H45)-72 -> 264 | AC45: =INDEX($AL$11:$AL$18,MATCH(H45,$AK$11:$AK$18)) -> 88.4526 | AD45: =C45-2*(4+$H45) -> 78 | AE45: =D45-2*(4+$H45) -> 86 | AF45: =E45-(4+$H45) -> 21 | AG45: =(Z45+AA45+2*(AB45+AC45+AD45+AE45+2*AF45))/10 -> 118.60202 | AH45: =I45/AG45*10 -> 1.4940723 | AI45: =H45/2 -> 1.5 | AJ45: =ABS(AH45-AI45) -> 0.0059276877
A46: =CONCATENATE(F46,"x",(IF(H46=INT(H46),CONCATENATE(H46,",",0),H46))) -> ZR350x3,5 | B46: =LEFT(G46,3) -> 350 | C46: =VALUE(MID(G46,(SEARCH("/",G46,1)+1),(SEARCH("/",G46,(SEARCH("/",G46,1)+1))-SEARCH("/",G46,1)-1))) -> 91 | D46: =VALUE(MID(G46,(SEARCH("/",G46,(SEARCH("/",G46,1)+1))+1),(SEARCH("/",G46,SEARCH("/",G46,(SEARCH("/",G46,1)+1))+1))-(SEARCH("/",G46,(SEARCH("/",G46,1)+1))+1))) -> 100 | E46: =VALUE(MID(G46,(SEARCH("/",G46,SEARCH("/",G46,(SEARCH("/",G46,1)+1))+1)+1),4)) -> 30.5 | F46: =CONCATENATE("ZR",LEFT(G46,3)) -> ZR350 | G46: 350/91/100/30,5 | H46: 3.5 | I46: 20.73 | J46: 3553.52 | K46: 200.04 | L46: 345.43 | M46: 33.91 | N46: 13.09 | O46: 4.08 | P46: 8.91 | Q46: =P46 -> 8.91 | R46: 17.24 | S46: =R46 -> 17.24 | T46: 16.36 | V46: 0.7478 | W46: 1.6986 | X46: 4754.4281 | Z46: =2*PI()*4 -> 25.132741 | AA46: =2*PI()*(4+H46) -> 47.12389 | AB46: =B46-2*(4+$H46)-72 -> 263 | AC46: =INDEX($AL$11:$AL$18,MATCH(H46,$AK$11:$AK$18)) -> 88.5619 | AD46: =C46-2*(4+$H46) -> 76 | AE46: =D46-2*(4+$H46) -> 85 | AF46: =E46-(4+$H46) -> 23 | AG46: =(Z46+AA46+2*(AB46+AC46+AD46+AE46+2*AF46))/10 -> 118.93804 | AH46: =I46/AG46*10 -> 1.7429243 | AI46: =H46/2 -> 1.75 | AJ46: =ABS(AH46-AI46) -> 0.0070757464
... A50: =CONCATENATE(F50,"x",(IF(H50=INT(H50),CONCATENATE(H50,",",0),H50))) -> ZR400x3,5 | B50: =LEFT(G50,3) -> 400 | C50: =VALUE(MID(G50,(SEARCH("/",G50,1)+1),(SEARCH("/",G50,(SEARCH("/",G50,1)+1))-SEARCH("/",G50,1)-1))) -> 91 | D50: =VALUE(MID(G50,(SEARCH("/",G50,(SEARCH("/",G50,1)+1))+1),(SEARCH("/",G50,SEARCH("/",G50,(SEARCH("/",G50,1)+1))+1))-(SEARCH("/",G50,(SEARCH("/",G50,1)+1))+1))) -> 100 | E50: =VALUE(MID(G50,(SEARCH("/",G50,SEARCH("/",G50,(SEARCH("/",G50,1)+1))+1)+1),4)) -> 30.5 | F50: =CONCATENATE("ZR",LEFT(G50,3)) -> ZR400 | G50: 400/91/100/30,5 | H50: 3.5 | I50: 22.48 | J50: 4896.32 | K50: 241.46 | L50: 345.45 | M50: 33.91 | N50: 14.75 | O50: 3.91 | P50: 8.91 | Q50: =P50 -> 8.91 | R50: 19.72 | S50: =R50 -> 19.72 | T50: 17.73 | V50: 0.9207 | W50: 1.8415 | X50: 5095.7685 | Z50: =2*PI()*4 -> 25.132741 | AA50: =2*PI()*(4+H50) -> 47.12389 | AB50: =B50-2*(4+$H50)-72 -> 313 | AC50: =INDEX($AL$11:$AL$18,MATCH(H50,$AK$11:$AK$18)) -> 88.5619 | AD50: =C50-2*(4+$H50) -> 76 | AE50: =D50-2*(4+$H50) -> 85 | AF50: =E50-(4+$H50) -> 23 | AG50: =(Z50+AA50+2*(AB50+AC50+AD50+AE50+2*AF50))/10 -> 128.93804 | AH50: =I50/AG50*10 -> 1.743473 | AI50: =H50/2 -> 1.75 | AJ50: =ABS(AH50-AI50) -> 0.0065269754
A51: =CONCATENATE(F51,"x",(IF(H51=INT(H51),CONCATENATE(H51,",",0),H51))) -> ZR400x4,0 | B51: =LEFT(G51,3) -> 400 | C51: =VALUE(MID(G51,(SEARCH("/",G51,1)+1),(SEARCH("/",G51,(SEARCH("/",G51,1)+1))-SEARCH("/",G51,1)-1))) -> 90 | D51: =VALUE(MID(G51,(SEARCH("/",G51,(SEARCH("/",G51,1)+1))+1),(SEARCH("/",G51,SEARCH("/",G51,(SEARCH("/",G51,1)+1))+1))-(SEARCH("/",G51,(SEARCH("/",G51,1)+1))+1))) -> 100 | E51: =VALUE(MID(G51,(SEARCH("/",G51,SEARCH("/",G51,(SEARCH("/",G51,1)+1))+1)+1),4)) -> 31 | F51: =CONCATENATE("ZR",LEFT(G51,3)) -> ZR400 | G51: 400/90/100/31 | H51: 4 | I51: 25.59 | J51: 5546.34 | K51: 273.09 | L51: 387.62 | M51: 38.02 | N51: 14.72 | O51: 3.89 | P51: 8.81 | Q51: =P51 -> 8.81 | R51: 19.69 | S51: =R51 -> 19.69 | T51: 20.21 | Z51: =2*PI()*4 -> 25.132741 | AA51: =2*PI()*(4+H51) -> 50.265482 | AB51: =B51-2*(4+$H51)-72 -> 312 | AC51: =INDEX($AL$11:$AL$18,MATCH(H51,$AK$11:$AK$18)) -> 88.6747 | AD51: =C51-2*(4+$H51) -> 74 | AE51: =D51-2*(4+$H51) -> 84 | AF51: =E51-(4+$H51) -> 23 | AG51: =(Z51+AA51+2*(AB51+AC51+AD51+AE51+2*AF51))/10 -> 128.47476 | AH51: =I51/AG51*10 -> 1.9918309 | AI51: =H51/2 -> 2 | AJ51: =ABS(AH51-AI51) -> 0.0081691121

Sheet S
A2: =Сводная!A8 -> SIGMA350x3,5 | B2: =INDEX(B11:B51,MATCH($A$2,$A$11:$A$51)) -> 350 | C2: =INDEX(C11:C51,MATCH($A$2,$A$11:$A$51)) -> 100 | D2: =INDEX(D11:D51,MATCH($A$2,$A$11:$A$51)) -> 100 | E2: =INDEX(E11:E51,MATCH($A$2,$A$11:$A$51)) -> 26 | F2: =INDEX(F11:F51,MATCH($A$2,$A$11:$A$51)) -> SIGMA350 | G2: =INDEX(G11:G51,MATCH($A$2,$A$11:$A$51)) -> 350/100/100/26 | H2: =INDEX(H11:H51,MATCH($A$2,$A$11:$A$51)) -> 3.5 | I2: =INDEX(I11:I51,MATCH($A$2,$A$11:$A$51)) -> 20.73 | ... X2: =INDEX(X11:X51,MATCH($A$2,$A$11:$A$51)) -> 820.996
A6: Наименование | B6: Стенка H | C6: Полка B1 | D6: Полка B2 | E6: Отгибы С | F6: Сечение профиля, | H6: Толщина металла t, мм | I6: Геометрические характеристики полного поперечного сечения | T6: Масса 1 м.п. | U6: Теор. Ширина заготовки, мм | V6: момент инерции при свободном кручении для одиночного профиля | W6: момент инерции при свободном кручении для сдвоенного профиля | X6: Момент инерции Jy сдвоенного сечения (SCAD-Tonus) | Y6: момент инерции при свободном кручении Jt для сдвоенного профиля через трубу 80 | Z6: Момент инерции Jy сдвоенного сечения через трубу 80 (SCAD-Tonus) | AB6: Внутр. круг | AC6: Внешн. круг | AD6: Стенка H | AE6: Ребро | AF6: Полка B1 | AG6: Полка B2 | AH6: Отгибы C | AI6: Периметр профиля, см | AJ6: Приведённая толщина, мм
F7: Тип | G7: Н/В1/В2/С, мм | I7: Площадь сечения | J7: Момент инерции | K7: Момент сопро-я | L7: Момент инерции | M7: Момент сопр-я | N7: радиус инерции | P7: Положение центра тяжести
I9: Fp, | J9: Jx, | K9: Wx, | L9: Jy, | M9: Wy, | N9: rx, | O9: ry, | P9: x0, | Q9: x1, | R9: y0, | S9: y1,
I10: см2 | J10: см4 | K10: см3 | L10: см4 | M10: см3 | N10: см | O10: см | P10: см | Q10: см | R10: см | S10: см
A11: =CONCATENATE(F11,"x",(IF(H11=INT(H11),CONCATENATE(H11,",",0),H11))) -> SIGMA140x1,0 | B11: =LEFT(G11,3) -> 140 | C11: =VALUE(MID(G11,(SEARCH("/",G11,1)+1),(SEARCH("/",G11,(SEARCH("/",G11,1)+1))-SEARCH("/",G11,1)-1))) -> 55 | D11: =VALUE(MID(G11,(SEARCH("/",G11,(SEARCH("/",G11,1)+1))+1),(SEARCH("/",G11,SEARCH("/",G11,(SEARCH("/",G11,1)+1))+1))-(SEARCH("/",G11,(SEARCH("/",G11,1)+1))+1))) -> 55 | E11: =VALUE(MID(G11,(SEARCH("/",G11,SEARCH("/",G11,(SEARCH("/",G11,1)+1))+1)+1),4)) -> 18 | F11: =CONCATENATE("SIGMA",LEFT(G11,3)) -> SIGMA140 | G11: 140/55/55/18 | H11: 1 | I11: 4.59 | J11: 170.18 | K11: 21.27 | L11: 15.6 | M11: 4.34 | N11: 6.08 | O11: 1.84 | P11: 1.91 | R11: 8 | T11: 2.35 | AB11: =2*PI()*4 -> 25.132741 | AC11: =2*PI()*(4+H11) -> 31.415927 | AD11: =B11-2*(4+$H11)-72 -> 58 | AE11: =INDEX($AN$11:$AN$18,MATCH(H11,$AM$11:$AM$18)) -> 88.0464 | AF11: =C11-2*(4+$H11) -> 45 | AG11: =D11-2*(4+$H11) -> 45 | AH11: =E11-(4+$H11) -> 13 | AI11: =(AB11+AC11+2*(AD11+AE11+AF11+AG11+2*AH11))/10 -> 58.064147 | AJ11: =I11/AI11*10 -> 0.79050503 | AK11: =H11/2 -> 0.5 | AL11: =ABS(AJ11-AK11) -> 0.29050503 | AM11: 1 | AN11: 88.0464
A12: =CONCATENATE(F12,"x",(IF(H12=INT(H12),CONCATENATE(H12,",",0),H12))) -> SIGMA140x1,2 | B12: =LEFT(G12,3) -> 140 | C12: =VALUE(MID(G12,(SEARCH("/",G12,1)+1),(SEARCH("/",G12,(SEARCH("/",G12,1)+1))-SEARCH("/",G12,1)-1))) -> 55 | D12: =VALUE(MID(G12,(SEARCH("/",G12,(SEARCH("/",G12,1)+1))+1),(SEARCH("/",G12,SEARCH("/",G12,(SEARCH("/",G12,1)+1))+1))-(SEARCH("/",G12,(SEARCH("/",G12,1)+1))+1))) -> 55 | E12: =VALUE(MID(G12,(SEARCH("/",G12,SEARCH("/",G12,(SEARCH("/",G12,1)+1))+1)+1),4)) -> 18 | F12: =CONCATENATE("SIGMA",LEFT(G12,3)) -> SIGMA140 | G12: 140/55/55/18 | H12: 1.2 | I12: 6.15 | J12: 226.07 | K12: 28.25 | L12: 21.08 | M12: 5.95 | N12: 6.06 | O12: 1.85 | P12: 1.96 | R12: 8 | T12: 2.79 | AB12: =2*PI()*4 -> 25.132741 | AC12: =2*PI()*(4+H12) -> 32.672564 | AD12: =B12-2*(4+$H12)-72 -> 57.6 | AE12: =INDEX($AN$11:$AN$18,MATCH(H12,$AM$11:$AM$18)) -> 88.0849 | AF12: =C12-2*(4+$H12) -> 44.6 | AG12: =D12-2*(4+$H12) -> 44.6 | AH12: =E12-(4+$H12) -> 12.8 | AI12: =(AB12+AC12+2*(AD12+AE12+AF12+AG12+2*AH12))/10 -> 57.87751 | AJ12: =I12/AI12*10 -> 1.0625889 | AK12: =H12/2 -> 0.6 | AL12: =ABS(AJ12-AK12) -> 0.4625889 | AM12: 1.2 | AN12: 88.0849
A13: =CONCATENATE(F13,"x",(IF(H13=INT(H13),CONCATENATE(H13,",",0),H13))) -> SIGMA160x1,0 | B13: =LEFT(G13,3) -> 160 | C13: =VALUE(MID(G13,(SEARCH("/",G13,1)+1),(SEARCH("/",G13,(SEARCH("/",G13,1)+1))-SEARCH("/",G13,1)-1))) -> 55 | D13: =VALUE(MID(G13,(SEARCH("/",G13,(SEARCH("/",G13,1)+1))+1),(SEARCH("/",G13,SEARCH("/",G13,(SEARCH("/",G13,1)+1))+1))-(SEARCH("/",G13,(SEARCH("/",G13,1)+1))+1))) -> 55 | E13: =VALUE(MID(G13,(SEARCH("/",G13,SEARCH("/",G13,(SEARCH("/",G13,1)+1))+1)+1),4)) -> 18 | F13: =CONCATENATE("SIGMA",LEFT(G13,3)) -> SIGMA160 | G13: 160/55/55/18 | H13: 1 | I13: 7.73 | J13: 281.36 | K13: 35.17 | L13: 26.64 | M13: 7.63 | N13: 6.03 | O13: 1.85 | P13: 2.01 | R13: 8 | T13: 2.51 | AB13: =2*PI()*4 -> 25.132741 | AC13: =2*PI()*(4+H13) -> 31.415927 | AD13: =B13-2*(4+$H13)-72 -> 78 | AE13: =INDEX($AN$11:$AN$18,MATCH(H13,$AM$11:$AM$18)) -> 88.0464 | AF13: =C13-2*(4+$H13) -> 45 | AG13: =D13-2*(4+$H13) -> 45 | AH13: =E13-(4+$H13) -> 13 | AI13: =(AB13+AC13+2*(AD13+AE13+AF13+AG13+2*AH13))/10 -> 62.064147 | AJ13: =I13/AI13*10 -> 1.2454856 | AK13: =H13/2 -> 0.5 | AL13: =ABS(AJ13-AK13) -> 0.74548558 | AM13: 1.5 | AN13: 88.1436
A14: =CONCATENATE(F14,"x",(IF(H14=INT(H14),CONCATENATE(H14,",",0),H14))) -> SIGMA160x1,2 | B14: =LEFT(G14,3) -> 160 | C14: =VALUE(MID(G14,(SEARCH("/",G14,1)+1),(SEARCH("/",G14,(SEARCH("/",G14,1)+1))-SEARCH("/",G14,1)-1))) -> 55 | D14: =VALUE(MID(G14,(SEARCH("/",G14,(SEARCH("/",G14,1)+1))+1),(SEARCH("/",G14,SEARCH("/",G14,(SEARCH("/",G14,1)+1))+1))-(SEARCH("/",G14,(SEARCH("/",G14,1)+1))+1))) -> 55 | E14: =VALUE(MID(G14,(SEARCH("/",G14,SEARCH("/",G14,(SEARCH("/",G14,1)+1))+1)+1),4)) -> 18 | F14: =CONCATENATE("SIGMA",LEFT(G14,3)) -> SIGMA160 | G14: 160/55/55/18 | H14: 1.2 | I14: 9.32 | J14: 335.92 | K14: 41.99 | L14: 32.27 | M14: 9.37 | N14: 6 | O14: 1.86 | P14: 2.06 | R14: 8 | T14: 2.99 | AB14: =2*PI()*4 -> 25.132741 | AC14: =2*PI()*(4+H14) -> 32.672564 | AD14: =B14-2*(4+$H14)-72 -> 77.6 | AE14: =INDEX($AN$11:$AN$18,MATCH(H14,$AM$11:$AM$18)) -> 88.0849 | AF14: =C14-2*(4+$H14) -> 44.6 | AG14: =D14-2*(4+$H14) -> 44.6 | AH14: =E14-(4+$H14) -> 12.8 | AI14: =(AB14+AC14+2*(AD14+AE14+AF14+AG14+2*AH14))/10 -> 61.87751 | AJ14: =I14/AI14*10 -> 1.5062015 | AK14: =H14/2 -> 0.6 | AL14: =ABS(AJ14-AK14) -> 0.90620151 | AM14: 2 | AN14: 88.2436
A15: =CONCATENATE(F15,"x",(IF(H15=INT(H15),CONCATENATE(H15,",",0),H15))) -> SIGMA160x1,5 | B15: =LEFT(G15,3) -> 160 | C15: =VALUE(MID(G15,(SEARCH("/",G15,1)+1),(SEARCH("/",G15,(SEARCH("/",G15,1)+1))-SEARCH("/",G15,1)-1))) -> 55 | D15: =VALUE(MID(G15,(SEARCH("/",G15,(SEARCH("/",G15,1)+1))+1),(SEARCH("/",G15,SEARCH("/",G15,(SEARCH("/",G15,1)+1))+1))-(SEARCH("/",G15,(SEARCH("/",G15,1)+1))+1))) -> 55 | E15: =VALUE(MID(G15,(SEARCH("/",G15,SEARCH("/",G15,(SEARCH("/",G15,1)+1))+1)+1),4)) -> 18 | F15: =CONCATENATE("SIGMA",LEFT(G15,3)) -> SIGMA160 | G15: 160/55/55/18 | H15: 1.5 | I15: 4.59 | J15: 170.18 | K15: 21.27 | L15: 15.6 | M15: 4.34 | N15: 6.08 | O15: 1.84 | P15: 1.91 | R15: 8 | T15: 3.6 | V15: 0.035 | W15: 0.069 | X15: 71.905 | AB15: =2*PI()*4 -> 25.132741 | AC15: =2*PI()*(4+H15) -> 34.557519 | AD15: =B15-2*(4+$H15)-72 -> 77 | AE15: =INDEX($AN$11:$AN$18,MATCH(H15,$AM$11:$AM$18)) -> 88.1436 | AF15: =C15-2*(4+$H15) -> 44 | AG15: =D15-2*(4+$H15) -> 44 | AH15: =E15-(4+$H15) -> 12.5 | AI15: =(AB15+AC15+2*(AD15+AE15+AF15+AG15+2*AH15))/10 -> 61.597746 | AJ15: =I15/AI15*10 -> 0.74515714 | AK15: =H15/2 -> 0.75 | AL15: =ABS(AJ15-AK15) -> 0.0048428644 | AM15: 2.5 | AN15: 88.3466
A16: =CONCATENATE(F16,"x",(IF(H16=INT(H16),CONCATENATE(H16,",",0),H16))) -> SIGMA160x2,0 | B16: =LEFT(G16,3) -> 160 | C16: =VALUE(MID(G16,(SEARCH("/",G16,1)+1),(SEARCH("/",G16,(SEARCH("/",G16,1)+1))-SEARCH("/",G16,1)-1))) -> 55 | D16: =VALUE(MID(G16,(SEARCH("/",G16,(SEARCH("/",G16,1)+1))+1),(SEARCH("/",G16,SEARCH("/",G16,(SEARCH("/",G16,1)+1))+1))-(SEARCH("/",G16,(SEARCH("/",G16,1)+1))+1))) -> 55 | E16: =VALUE(MID(G16,(SEARCH("/",G16,SEARCH("/",G16,(SEARCH("/",G16,1)+1))+1)+1),4)) -> 20 | F16: =CONCATENATE("SIGMA",LEFT(G16,3)) -> SIGMA160 | G16: 160/55/55/20 | H16: 2 | I16: 6.15 | J16: 226.07 | K16: 28.25 | L16: 21.08 | M16: 5.95 | N16: 6.06 | O16: 1.85 | P16: 1.96 | R16: 8 | T16: 4.83 | V16: 0.082 | W16: 0.165 | X16: 99.344 | AB16: =2*PI()*4 -> 25.132741 | AC16: =2*PI()*(4+H16) -> 37.699112 | AD16: =B16-2*(4+$H16)-72 -> 76 | AE16: =INDEX($AN$11:$AN$18,MATCH(H16,$AM$11:$AM$18)) -> 88.2436 | AF16: =C16-2*(4+$H16) -> 43 | AG16: =D16-2*(4+$H16) -> 43 | AH16: =E16-(4+$H16) -> 14 | AI16: =(AB16+AC16+2*(AD16+AE16+AF16+AG16+2*AH16))/10 -> 61.931905 | AJ16: =I16/AI16*10 -> 0.99302613 | AK16: =H16/2 -> 1 | AL16: =ABS(AJ16-AK16) -> 0.006973874 | AM16: 3 | AN16: 88.4526
A17: =CONCATENATE(F17,"x",(IF(H17=INT(H17),CONCATENATE(H17,",",0),H17))) -> SIGMA160x2,5 | B17: =LEFT(G17,3) -> 160 | C17: =VALUE(MID(G17,(SEARCH("/",G17,1)+1),(SEARCH("/",G17,(SEARCH("/",G17,1)+1))-SEARCH("/",G17,1)-1))) -> 55 | D17: =VALUE(MID(G17,(SEARCH("/",G17,(SEARCH("/",G17,1)+1))+1),(SEARCH("/",G17,SEARCH("/",G17,(SEARCH("/",G17,1)+1))+1))-(SEARCH("/",G17,(SEARCH("/",G17,1)+1))+1))) -> 55 | E17: =VALUE(MID(G17,(SEARCH("/",G17,SEARCH("/",G17,(SEARCH("/",G17,1)+1))+1)+1),4)) -> 22 | F17: =CONCATENATE("SIGMA",LEFT(G17,3)) -> SIGMA160 | G17: 160/55/55/22 | H17: 2.5 | I17: 7.73 | J17: 281.36 | K17: 35.17 | L17: 26.64 | M17: 7.63 | N17: 6.03 | O17: 1.85 | P17: 2.01 | R17: 8 | T17: 6.06 | V17: 0.162 | W17: 0.324 | X17: 128.449 | AB17: =2*PI()*4 -> 25.132741 | AC17: =2*PI()*(4+H17) -> 40.840704 | AD17: =B17-2*(4+$H17)-72 -> 75 | AE17: =INDEX($AN$11:$AN$18,MATCH(H17,$AM$11:$AM$18)) -> 88.3466 | AF17: =C17-2*(4+$H17) -> 42 | AG17: =D17-2*(4+$H17) -> 42 | AH17: =E17-(4+$H17) -> 15.5 | AI17: =(AB17+AC17+2*(AD17+AE17+AF17+AG17+2*AH17))/10 -> 62.266665 | AJ17: =I17/AI17*10 -> 1.2414347 | AK17: =H17/2 -> 1.25 | AL17: =ABS(AJ17-AK17) -> 0.0085652687 | AM17: 3.5 | AN17: 88.5619
A18: =CONCATENATE(F18,"x",(IF(H18=INT(H18),CONCATENATE(H18,",",0),H18))) -> SIGMA160x3,0 | B18: =LEFT(G18,3) -> 160 | C18: =VALUE(MID(G18,(SEARCH("/",G18,1)+1),(SEARCH("/",G18,(SEARCH("/",G18,1)+1))-SEARCH("/",G18,1)-1))) -> 55 | D18: =VALUE(MID(G18,(SEARCH("/",G18,(SEARCH("/",G18,1)+1))+1),(SEARCH("/",G18,SEARCH("/",G18,(SEARCH("/",G18,1)+1))+1))-(SEARCH("/",G18,(SEARCH("/",G18,1)+1))+1))) -> 55 | E18: =VALUE(MID(G18,(SEARCH("/",G18,SEARCH("/",G18,(SEARCH("/",G18,1)+1))+1)+1),4)) -> 24 | F18: =CONCATENATE("SIGMA",LEFT(G18,3)) -> SIGMA160 | G18: 160/55/55/24 | H18: 3 | I18: 9.32 | J18: 335.92 | K18: 41.99 | L18: 32.27 | M18: 9.37 | N18: 6 | O18: 1.86 | P18: 2.06 | R18: 8 | T18: 7.31 | V18: 0.281 | W18: 0.563 | X18: 159.179 | AB18: =2*PI()*4 -> 25.132741 | AC18: =2*PI()*(4+H18) -> 43.982297 | AD18: =B18-2*(4+$H18)-72 -> 74 | AE18: =INDEX($AN$11:$AN$18,MATCH(H18,$AM$11:$AM$18)) -> 88.4526 | AF18: =C18-2*(4+$H18) -> 41 | AG18: =D18-2*(4+$H18) -> 41 | AH18: =E18-(4+$H18) -> 17 | AI18: =(AB18+AC18+2*(AD18+AE18+AF18+AG18+2*AH18))/10 -> 62.602024 | AJ18: =I18/AI18*10 -> 1.4887698 | AK18: =H18/2 -> 1.5 | AL18: =ABS(AJ18-AK18) -> 0.01123024 | AM18: 4 | AN18: 88.6747
A19: =CONCATENATE(F19,"x",(IF(H19=INT(H19),CONCATENATE(H19,",",0),H19))) -> SIGMA180x1,5 | B19: =LEFT(G19,3) -> 180 | C19: =VALUE(MID(G19,(SEARCH("/",G19,1)+1),(SEARCH("/",G19,(SEARCH("/",G19,1)+1))-SEARCH("/",G19,1)-1))) -> 55 | D19: =VALUE(MID(G19,(SEARCH("/",G19,(SEARCH("/",G19,1)+1))+1),(SEARCH("/",G19,SEARCH("/",G19,(SEARCH("/",G19,1)+1))+1))-(SEARCH("/",G19,(SEARCH("/",G19,1)+1))+1))) -> 55 | E19: =VALUE(MID(G19,(SEARCH("/",G19,SEARCH("/",G19,(SEARCH("/",G19,1)+1))+1)+1),4)) -> 18 | F19: =CONCATENATE("SIGMA",LEFT(G19,3)) -> SIGMA180 | G19: 180/55/55/18 | H19: 1.5 | I19: 4.89 | J19: 224.29 | K19: 24.92 | L19: 16.54 | M19: 4.46 | N19: 6.77 | O19: 1.83 | P19: 1.79 | R19: 9 | T19: 3.84 | V19: 0.037 | W19: 0.074 | X19: 71.952 | AB19: =2*PI()*4 -> 25.132741 | AC19: =2*PI()*(4+H19) -> 34.557519 | AD19: =B19-2*(4+$H19)-72 -> 97 | AE19: =INDEX($AN$11:$AN$18,MATCH(H19,$AM$11:$AM$18)) -> 88.1436 | AF19: =C19-2*(4+$H19) -> 44 | AG19: =D19-2*(4+$H19) -> 44 | AH19: =E19-(4+$H19) -> 12.5 | AI19: =(AB19+AC19+2*(AD19+AE19+AF19+AG19+2*AH19))/10 -> 65.597746 | AJ19: =I19/AI19*10 -> 0.74545244 | AK19: =H19/2 -> 0.75 | AL19: =ABS(AJ19-AK19) -> 0.0045475576
A20: =CONCATENATE(F20,"x",(IF(H20=INT(H20),CONCATENATE(H20,",",0),H20))) -> SIGMA180x2,0 | B20: =LEFT(G20,3) -> 180 | C20: =VALUE(MID(G20,(SEARCH("/",G20,1)+1),(SEARCH("/",G20,(SEARCH("/",G20,1)+1))-SEARCH("/",G20,1)-1))) -> 55 | D20: =VALUE(MID(G20,(SEARCH("/",G20,(SEARCH("/",G20,1)+1))+1),(SEARCH("/",G20,SEARCH("/",G20,(SEARCH("/",G20,1)+1))+1))-(SEARCH("/",G20,(SEARCH("/",G20,1)+1))+1))) -> 55 | E20: =VALUE(MID(G20,(SEARCH("/",G20,SEARCH("/",G20,(SEARCH("/",G20,1)+1))+1)+1),4)) -> 20 | F20: =CONCATENATE("SIGMA",LEFT(G20,3)) -> SIGMA180 | G20: 180/55/55/20 | H20: 2 | I20: 6.55 | J20: 298.36 | K20: 33.15 | L20: 22.37 | M20: 6.12 | N20: 6.74 | O20: 1.84 | P20: 1.84 | R20: 9 | T20: 5.14 | V20: 0.088 | W20: 0.176 | X20: 99.419 | AB20: =2*PI()*4 -> 25.132741 | AC20: =2*PI()*(4+H20) -> 37.699112 | AD20: =B20-2*(4+$H20)-72 -> 96 | AE20: =INDEX($AN$11:$AN$18,MATCH(H20,$AM$11:$AM$18)) -> 88.2436 | AF20: =C20-2*(4+$H20) -> 43 | AG20: =D20-2*(4+$H20) -> 43 | AH20: =E20-(4+$H20) -> 14 | AI20: =(AB20+AC20+2*(AD20+AE20+AF20+AG20+2*AH20))/10 -> 65.931905 | AJ20: =I20/AI20*10 -> 0.99344922 | AK20: =H20/2 -> 1 | AL20: =ABS(AJ20-AK20) -> 0.0065507785
A21: =CONCATENATE(F21,"x",(IF(H21=INT(H21),CONCATENATE(H21,",",0),H21))) -> SIGMA180x2,5 | B21: =LEFT(G21,3) -> 180 | C21: =VALUE(MID(G21,(SEARCH("/",G21,1)+1),(SEARCH("/",G21,(SEARCH("/",G21,1)+1))-SEARCH("/",G21,1)-1))) -> 55 | D21: =VALUE(MID(G21,(SEARCH("/",G21,(SEARCH("/",G21,1)+1))+1),(SEARCH("/",G21,SEARCH("/",G21,(SEARCH("/",G21,1)+1))+1))-(SEARCH("/",G21,(SEARCH("/",G21,1)+1))+1))) -> 55 | E21: =VALUE(MID(G21,(SEARCH("/",G21,SEARCH("/",G21,(SEARCH("/",G21,1)+1))+1)+1),4)) -> 22 | F21: =CONCATENATE("SIGMA",LEFT(G21,3)) -> SIGMA180 | G21: 180/55/55/22 | H21: 2.5 | I21: 8.23 | J21: 371.86 | K21: 41.31 | L21: 28.31 | M21: 7.85 | N21: 6.72 | O21: 1.85 | P21: 1.89 | R21: 9 | T21: 6.45 | V21: 0.172 | W21: 0.345 | X21: 128.559 | AB21: =2*PI()*4 -> 25.132741 | AC21: =2*PI()*(4+H21) -> 40.840704 | AD21: =B21-2*(4+$H21)-72 -> 95 | AE21: =INDEX($AN$11:$AN$18,MATCH(H21,$AM$11:$AM$18)) -> 88.3466 | AF21: =C21-2*(4+$H21) -> 42 | AG21: =D21-2*(4+$H21) -> 42 | AH21: =E21-(4+$H21) -> 15.5 | AI21: =(AB21+AC21+2*(AD21+AE21+AF21+AG21+2*AH21))/10 -> 66.266665 | AJ21: =I21/AI21*10 -> 1.2419517 | AK21: =H21/2 -> 1.25 | AL21: =ABS(AJ21-AK21) -> 0.0080482505
A22: =CONCATENATE(F22,"x",(IF(H22=INT(H22),CONCATENATE(H22,",",0),H22))) -> SIGMA180x3,0 | B22: =LEFT(G22,3) -> 180 | C22: =VALUE(MID(G22,(SEARCH("/",G22,1)+1),(SEARCH("/",G22,(SEARCH("/",G22,1)+1))-SEARCH("/",G22,1)-1))) -> 55 | D22: =VALUE(MID(G22,(SEARCH("/",G22,(SEARCH("/",G22,1)+1))+1),(SEARCH("/",G22,SEARCH("/",G22,(SEARCH("/",G22,1)+1))+1))-(SEARCH("/",G22,(SEARCH("/",G22,1)+1))+1))) -> 55 | E22: =VALUE(MID(G22,(SEARCH("/",G22,SEARCH("/",G22,(SEARCH("/",G22,1)+1))+1)+1),4)) -> 24 | F22: =CONCATENATE("SIGMA",LEFT(G22,3)) -> SIGMA180 | G22: 180/55/55/24 | H22: 3 | I22: 9.92 | J22: 444.65 | K22: 49.4 | L22: 34.32 | M22: 9.64 | N22: 6.69 | O22: 1.85 | P22: 1.94 | R22: 9 | T22: 7.78 | V22: 0.299 | W22: 0.599 | X22: 159.335 | AB22: =2*PI()*4 -> 25.132741 | AC22: =2*PI()*(4+H22) -> 43.982297 | AD22: =B22-2*(4+$H22)-72 -> 94 | AE22: =INDEX($AN$11:$AN$18,MATCH(H22,$AM$11:$AM$18)) -> 88.4526 | AF22: =C22-2*(4+$H22) -> 41 | AG22: =D22-2*(4+$H22) -> 41 | AH22: =E22-(4+$H22) -> 17 | AI22: =(AB22+AC22+2*(AD22+AE22+AF22+AG22+2*AH22))/10 -> 66.602024 | AJ22: =I22/AI22*10 -> 1.4894442 | AK22: =H22/2 -> 1.5 | AL22: =ABS(AJ22-AK22) -> 0.010555772
A23: =CONCATENATE(F23,"x",(IF(H23=INT(H23),CONCATENATE(H23,",",0),H23))) -> SIGMA200x1,0 | B23: =LEFT(G23,3) -> 200 | C23: =VALUE(MID(G23,(SEARCH("/",G23,1)+1),(SEARCH("/",G23,(SEARCH("/",G23,1)+1))-SEARCH("/",G23,1)-1))) -> 55 | D23: =VALUE(MID(G23,(SEARCH("/",G23,(SEARCH("/",G23,1)+1))+1),(SEARCH("/",G23,SEARCH("/",G23,(SEARCH("/",G23,1)+1))+1))-(SEARCH("/",G23,(SEARCH("/",G23,1)+1))+1))) -> 55 | E23: =VALUE(MID(G23,(SEARCH("/",G23,SEARCH("/",G23,(SEARCH("/",G23,1)+1))+1)+1),4)) -> 18 | F23: =CONCATENATE("SIGMA",LEFT(G23,3)) -> SIGMA200 | G23: 200/55/55/18 | H23: 1 | I23: 4.89 | J23: 224.29 | K23: 24.92 | L23: 16.54 | M23: 4.46 | N23: 6.77 | O23: 1.83 | P23: 1.79 | R23: 9 | T23: 2.84 | AB23: =2*PI()*4 -> 25.132741 | AC23: =2*PI()*(4+H23) -> 31.415927 | AD23: =B23-2*(4+$H23)-72 -> 118 | AE23: =INDEX($AN$11:$AN$18,MATCH(H23,$AM$11:$AM$18)) -> 88.0464 | AF23: =C23-2*(4+$H23) -> 45 | AG23: =D23-2*(4+$H23) -> 45 | AH23: =E23-(4+$H23) -> 13 | AI23: =(AB23+AC23+2*(AD23+AE23+AF23+AG23+2*AH23))/10 -> 70.064147 | AJ23: =I23/AI23*10 -> 0.69793186 | AK23: =H23/2 -> 0.5 | AL23: =ABS(AJ23-AK23) -> 0.19793186
A24: =CONCATENATE(F24,"x",(IF(H24=INT(H24),CONCATENATE(H24,",",0),H24))) -> SIGMA200x1,2 | B24: =LEFT(G24,3) -> 200 | C24: =VALUE(MID(G24,(SEARCH("/",G24,1)+1),(SEARCH("/",G24,(SEARCH("/",G24,1)+1))-SEARCH("/",G24,1)-1))) -> 55 | D24: =VALUE(MID(G24,(SEARCH("/",G24,(SEARCH("/",G24,1)+1))+1),(SEARCH("/",G24,SEARCH("/",G24,(SEARCH("/",G24,1)+1))+1))-(SEARCH("/",G24,(SEARCH("/",G24,1)+1))+1))) -> 55 | E24: =VALUE(MID(G24,(SEARCH("/",G24,SEARCH("/",G24,(SEARCH("/",G24,1)+1))+1)+1),4)) -> 18 | F24: =CONCATENATE("SIGMA",LEFT(G24,3)) -> SIGMA200 | G24: 200/55/55/18 | H24: 1.2 | I24: 6.55 | J24: 298.36 | K24: 33.15 | L24: 22.37 | M24: 6.12 | N24: 6.74 | O24: 1.84 | P24: 1.84 | R24: 9 | T24: 3.38 | AB24: =2*PI()*4 -> 25.132741 | AC24: =2*PI()*(4+H24) -> 32.672564 | AD24: =B24-2*(4+$H24)-72 -> 117.6 | AE24: =INDEX($AN$11:$AN$18,MATCH(H24,$AM$11:$AM$18)) -> 88.0849 | AF24: =C24-2*(4+$H24) -> 44.6 | AG24: =D24-2*(4+$H24) -> 44.6 | AH24: =E24-(4+$H24) -> 12.8 | AI24: =(AB24+AC24+2*(AD24+AE24+AF24+AG24+2*AH24))/10 -> 69.87751 | AJ24: =I24/AI24*10 -> 0.93735452 | AK24: =H24/2 -> 0.6 | AL24: =ABS(AJ24-AK24) -> 0.33735452
A25: =CONCATENATE(F25,"x",(IF(H25=INT(H25),CONCATENATE(H25,",",0),H25))) -> SIGMA200x1,5 | B25: =LEFT(G25,3) -> 200 | C25: =VALUE(MID(G25,(SEARCH("/",G25,1)+1),(SEARCH("/",G25,(SEARCH("/",G25,1)+1))-SEARCH("/",G25,1)-1))) -> 55 | D25: =VALUE(MID(G25,(SEARCH("/",G25,(SEARCH("/",G25,1)+1))+1),(SEARCH("/",G25,SEARCH("/",G25,(SEARCH("/",G25,1)+1))+1))-(SEARCH("/",G25,(SEARCH("/",G25,1)+1))+1))) -> 55 | E25: =VALUE(MID(G25,(SEARCH("/",G25,SEARCH("/",G25,(SEARCH("/",G25,1)+1))+1)+1),4)) -> 18 | F25: =CONCATENATE("SIGMA",LEFT(G25,3)) -> SIGMA200 | G25: 200/55/55/18 | H25: 1.5 | I25: 5.19 | J25: 287.76 | K25: 28.77 | L25: 17.38 | M25: 4.56 | N25: 7.44 | O25: 1.82 | P25: 1.7 | R25: 10 | T25: 4.07 | V25: 0.039 | W25: 0.078 | X25: 71.998 | AB25: =2*PI()*4 -> 25.132741 | AC25: =2*PI()*(4+H25) -> 34.557519 | AD25: =B25-2*(4+$H25)-72 -> 117 | AE25: =INDEX($AN$11:$AN$18,MATCH(H25,$AM$11:$AM$18)) -> 88.1436 | AF25: =C25-2*(4+$H25) -> 44 | AG25: =D25-2*(4+$H25) -> 44 | AH25: =E25-(4+$H25) -> 12.5 | AI25: =(AB25+AC25+2*(AD25+AE25+AF25+AG25+2*AH25))/10 -> 69.597746 | AJ25: =I25/AI25*10 -> 0.7457138 | AK25: =H25/2 -> 0.75 | AL25: =ABS(AJ25-AK25) -> 0.0042861953
A26: =CONCATENATE(F26,"x",(IF(H26=INT(H26),CONCATENATE(H26,",",0),H26))) -> SIGMA200x2,0 | B26: =LEFT(G26,3) -> 200 | C26: =VALUE(MID(G26,(SEARCH("/",G26,1)+1),(SEARCH("/",G26,(SEARCH("/",G26,1)+1))-SEARCH("/",G26,1)-1))) -> 55 | D26: =VALUE(MID(G26,(SEARCH("/",G26,(SEARCH("/",G26,1)+1))+1),(SEARCH("/",G26,SEARCH("/",G26,(SEARCH("/",G26,1)+1))+1))-(SEARCH("/",G26,(SEARCH("/",G26,1)+1))+1))) -> 55 | E26: =VALUE(MID(G26,(SEARCH("/",G26,SEARCH("/",G26,(SEARCH("/",G26,1)+1))+1)+1),4)) -> 20 | F26: =CONCATENATE("SIGMA",LEFT(G26,3)) -> SIGMA200 | G26: 200/55/55/20 | H26: 2 | I26: 6.95 | J26: 383.19 | K26: 38.31 | L26: 23.52 | M26: 6.26 | N26: 7.42 | O26: 1.83 | P26: 1.74 | R26: 10 | T26: 5.45 | V26: 0.093 | W26: 0.186 | X26: 99.493 | AB26: =2*PI()*4 -> 25.132741 | AC26: =2*PI()*(4+H26) -> 37.699112 | AD26: =B26-2*(4+$H26)-72 -> 116 | AE26: =INDEX($AN$11:$AN$18,MATCH(H26,$AM$11:$AM$18)) -> 88.2436 | AF26: =C26-2*(4+$H26) -> 43 | AG26: =D26-2*(4+$H26) -> 43 | AH26: =E26-(4+$H26) -> 14 | AI26: =(AB26+AC26+2*(AD26+AE26+AF26+AG26+2*AH26))/10 -> 69.931905 | AJ26: =I26/AI26*10 -> 0.99382392 | AK26: =H26/2 -> 1 | AL26: =ABS(AJ26-AK26) -> 0.0061760838
A27: =CONCATENATE(F27,"x",(IF(H27=INT(H27),CONCATENATE(H27,",",0),H27))) -> SIGMA200x2,5 | B27: =LEFT(G27,3) -> 200 | C27: =VALUE(MID(G27,(SEARCH("/",G27,1)+1),(SEARCH("/",G27,(SEARCH("/",G27,1)+1))-SEARCH("/",G27,1)-1))) -> 55 | D27: =VALUE(MID(G27,(SEARCH("/",G27,(SEARCH("/",G27,1)+1))+1),(SEARCH("/",G27,SEARCH("/",G27,(SEARCH("/",G27,1)+1))+1))-(SEARCH("/",G27,(SEARCH("/",G27,1)+1))+1))) -> 55 | E27: =VALUE(MID(G27,(SEARCH("/",G27,SEARCH("/",G27,(SEARCH("/",G27,1)+1))+1)+1),4)) -> 22 | F27: =CONCATENATE("SIGMA",LEFT(G27,3)) -> SIGMA200 | G27: 200/55/55/22 | H27: 2.5 | I27: 8.73 | J27: 478.11 | K27: 47.81 | L27: 29.79 | M27: 8.03 | N27: 7.39 | O27: 1.84 | P27: 1.79 | R27: 10 | T27: 6.85 | V27: 0.183 | W27: 0.366 | X27: 128.67 | AB27: =2*PI()*4 -> 25.132741 | AC27: =2*PI()*(4+H27) -> 40.840704 | AD27: =B27-2*(4+$H27)-72 -> 115 | AE27: =INDEX($AN$11:$AN$18,MATCH(H27,$AM$11:$AM$18)) -> 88.3466 | AF27: =C27-2*(4+$H27) -> 42 | AG27: =D27-2*(4+$H27) -> 42 | AH27: =E27-(4+$H27) -> 15.5 | AI27: =(AB27+AC27+2*(AD27+AE27+AF27+AG27+2*AH27))/10 -> 70.266665 | AJ27: =I27/AI27*10 -> 1.2424099 | AK27: =H27/2 -> 1.25 | AL27: =ABS(AJ27-AK27) -> 0.0075900958
A28: =CONCATENATE(F28,"x",(IF(H28=INT(H28),CONCATENATE(H28,",",0),H28))) -> SIGMA200x3,0 | B28: =LEFT(G28,3) -> 200 | C28: =VALUE(MID(G28,(SEARCH("/",G28,1)+1),(SEARCH("/",G28,(SEARCH("/",G28,1)+1))-SEARCH("/",G28,1)-1))) -> 55 | D28: =VALUE(MID(G28,(SEARCH("/",G28,(SEARCH("/",G28,1)+1))+1),(SEARCH("/",G28,SEARCH("/",G28,(SEARCH("/",G28,1)+1))+1))-(SEARCH("/",G28,(SEARCH("/",G28,1)+1))+1))) -> 55 | E28: =VALUE(MID(G28,(SEARCH("/",G28,SEARCH("/",G28,(SEARCH("/",G28,1)+1))+1)+1),4)) -> 24 | F28: =CONCATENATE("SIGMA",LEFT(G28,3)) -> SIGMA200 | G28: 200/55/55/24 | H28: 3 | I28: 10.52 | J28: 572.38 | K28: 57.23 | L28: 36.14 | M28: 9.87 | N28: 7.37 | O28: 1.85 | P28: 1.84 | R28: 10 | T28: 8.25 | V28: 0.317 | W28: 0.635 | X28: 159.491 | AB28: =2*PI()*4 -> 25.132741 | AC28: =2*PI()*(4+H28) -> 43.982297 | AD28: =B28-2*(4+$H28)-72 -> 114 | AE28: =INDEX($AN$11:$AN$18,MATCH(H28,$AM$11:$AM$18)) -> 88.4526 | AF28: =C28-2*(4+$H28) -> 41 | AG28: =D28-2*(4+$H28) -> 41 | AH28: =E28-(4+$H28) -> 17 | AI28: =(AB28+AC28+2*(AD28+AE28+AF28+AG28+2*AH28))/10 -> 70.602024 | AJ28: =I28/AI28*10 -> 1.4900423 | AK28: =H28/2 -> 1.5 | AL28: =ABS(AJ28-AK28) -> 0.0099577281
A29: =CONCATENATE(F29,"x",(IF(H29=INT(H29),CONCATENATE(H29,",",0),H29))) -> SIGMA220x1,5 | B29: =LEFT(G29,3) -> 220 | C29: =VALUE(MID(G29,(SEARCH("/",G29,1)+1),(SEARCH("/",G29,(SEARCH("/",G29,1)+1))-SEARCH("/",G29,1)-1))) -> 55 | D29: =VALUE(MID(G29,(SEARCH("/",G29,(SEARCH("/",G29,1)+1))+1),(SEARCH("/",G29,SEARCH("/",G29,(SEARCH("/",G29,1)+1))+1))-(SEARCH("/",G29,(SEARCH("/",G29,1)+1))+1))) -> 55 | E29: =VALUE(MID(G29,(SEARCH("/",G29,SEARCH("/",G29,(SEARCH("/",G29,1)+1))+1)+1),4)) -> 18 | F29: =CONCATENATE("SIGMA",LEFT(G29,3)) -> SIGMA220 | G29: 220/55/55/18 | H29: 1.5 | I29: 5.49 | J29: 361.18 | K29: 32.83 | L29: 18.13 | M29: 4.65 | N29: 8.1 | O29: 1.81 | P29: 1.61 | R29: 11 | T29: 4.31 | V29: 0.041 | W29: 0.083 | X29: 76.124 | AB29: =2*PI()*4 -> 25.132741 | AC29: =2*PI()*(4+H29) -> 34.557519 | AD29: =B29-2*(4+$H29)-72 -> 137 | AE29: =INDEX($AN$11:$AN$18,MATCH(H29,$AM$11:$AM$18)) -> 88.1436 | AF29: =C29-2*(4+$H29) -> 44 | AG29: =D29-2*(4+$H29) -> 44 | AH29: =E29-(4+$H29) -> 12.5 | AI29: =(AB29+AC29+2*(AD29+AE29+AF29+AG29+2*AH29))/10 -> 73.597746 | AJ29: =I29/AI29*10 -> 0.74594676 | AK29: =H29/2 -> 0.75 | AL29: =ABS(AJ29-AK29) -> 0.0040532428
A30: =CONCATENATE(F30,"x",(IF(H30=INT(H30),CONCATENATE(H30,",",0),H30))) -> SIGMA220x2,0 | B30: =LEFT(G30,3) -> 220 | C30: =VALUE(MID(G30,(SEARCH("/",G30,1)+1),(SEARCH("/",G30,(SEARCH("/",G30,1)+1))-SEARCH("/",G30,1)-1))) -> 55 | D30: =VALUE(MID(G30,(SEARCH("/",G30,(SEARCH("/",G30,1)+1))+1),(SEARCH("/",G30,SEARCH("/",G30,(SEARCH("/",G30,1)+1))+1))-(SEARCH("/",G30,(SEARCH("/",G30,1)+1))+1))) -> 55 | E30: =VALUE(MID(G30,(SEARCH("/",G30,SEARCH("/",G30,(SEARCH("/",G30,1)+1))+1)+1),4)) -> 20 | F30: =CONCATENATE("SIGMA",LEFT(G30,3)) -> SIGMA220 | G30: 220/55/55/20 | H30: 2 | I30: 7.35 | J30: 481.35 | K30: 43.75 | L30: 24.55 | M30: 6.38 | N30: 8.08 | O30: 1.82 | P30: 1.66 | R30: 11 | T30: 5.77 | V30: 0.098 | W30: 0.197 | X30: 105.169 | AB30: =2*PI()*4 -> 25.132741 | AC30: =2*PI()*(4+H30) -> 37.699112 | AD30: =B30-2*(4+$H30)-72 -> 136 | AE30: =INDEX($AN$11:$AN$18,MATCH(H30,$AM$11:$AM$18)) -> 88.2436 | AF30: =C30-2*(4+$H30) -> 43 | AG30: =D30-2*(4+$H30) -> 43 | AH30: =E30-(4+$H30) -> 14 | AI30: =(AB30+AC30+2*(AD30+AE30+AF30+AG30+2*AH30))/10 -> 73.931905 | AJ30: =I30/AI30*10 -> 0.99415807 | AK30: =H30/2 -> 1 | AL30: =ABS(AJ30-AK30) -> 0.0058419339
A31: =CONCATENATE(F31,"x",(IF(H31=INT(H31),CONCATENATE(H31,",",0),H31))) -> SIGMA220x2,5 | B31: =LEFT(G31,3) -> 220 | C31: =VALUE(MID(G31,(SEARCH("/",G31,1)+1),(SEARCH("/",G31,(SEARCH("/",G31,1)+1))-SEARCH("/",G31,1)-1))) -> 55 | D31: =VALUE(MID(G31,(SEARCH("/",G31,(SEARCH("/",G31,1)+1))+1),(SEARCH("/",G31,SEARCH("/",G31,(SEARCH("/",G31,1)+1))+1))-(SEARCH("/",G31,(SEARCH("/",G31,1)+1))+1))) -> 55 | E31: =VALUE(MID(G31,(SEARCH("/",G31,SEARCH("/",G31,(SEARCH("/",G31,1)+1))+1)+1),4)) -> 22 | F31: =CONCATENATE("SIGMA",LEFT(G31,3)) -> SIGMA220 | G31: 220/55/55/22 | H31: 2.5 | I31: 9.23 | J31: 601.11 | K31: 54.64 | L31: 31.1 | M31: 8.19 | N31: 8.06 | O31: 1.83 | P31: 1.7 | R31: 11 | T31: 7.24 | V31: 0.193 | W31: 0.386 | X31: 135.985 | AB31: =2*PI()*4 -> 25.132741 | AC31: =2*PI()*(4+H31) -> 40.840704 | AD31: =B31-2*(4+$H31)-72 -> 135 | AE31: =INDEX($AN$11:$AN$18,MATCH(H31,$AM$11:$AM$18)) -> 88.3466 | AF31: =C31-2*(4+$H31) -> 42 | AG31: =D31-2*(4+$H31) -> 42 | AH31: =E31-(4+$H31) -> 15.5 | AI31: =(AB31+AC31+2*(AD31+AE31+AF31+AG31+2*AH31))/10 -> 74.266665 | AJ31: =I31/AI31*10 -> 1.2428187 | AK31: =H31/2 -> 1.25 | AL31: =ABS(AJ31-AK31) -> 0.0071812935
A32: =CONCATENATE(F32,"x",(IF(H32=INT(H32),CONCATENATE(H32,",",0),H32))) -> SIGMA220x3,0 | B32: =LEFT(G32,3) -> 220 | C32: =VALUE(MID(G32,(SEARCH("/",G32,1)+1),(SEARCH("/",G32,(SEARCH("/",G32,1)+1))-SEARCH("/",G32,1)-1))) -> 55 | D32: =VALUE(MID(G32,(SEARCH("/",G32,(SEARCH("/",G32,1)+1))+1),(SEARCH("/",G32,SEARCH("/",G32,(SEARCH("/",G32,1)+1))+1))-(SEARCH("/",G32,(SEARCH("/",G32,1)+1))+1))) -> 55 | E32: =VALUE(MID(G32,(SEARCH("/",G32,SEARCH("/",G32,(SEARCH("/",G32,1)+1))+1)+1),4)) -> 24 | F32: =CONCATENATE("SIGMA",LEFT(G32,3)) -> SIGMA220 | G32: 220/55/55/24 | H32: 3 | I32: 11.12 | J32: 720.3 | K32: 65.48 | L32: 37.77 | M32: 10.06 | N32: 8.04 | O32: 1.84 | P32: 1.75 | R32: 11 | T32: 8.72 | V32: 0.335 | W32: 0.671 | X32: 168.531 | AB32: =2*PI()*4 -> 25.132741 | AC32: =2*PI()*(4+H32) -> 43.982297 | AD32: =B32-2*(4+$H32)-72 -> 134 | AE32: =INDEX($AN$11:$AN$18,MATCH(H32,$AM$11:$AM$18)) -> 88.4526 | AF32: =C32-2*(4+$H32) -> 41 | AG32: =D32-2*(4+$H32) -> 41 | AH32: =E32-(4+$H32) -> 17 | AI32: =(AB32+AC32+2*(AD32+AE32+AF32+AG32+2*AH32))/10 -> 74.602024 | AJ32: =I32/AI32*10 -> 1.4905762 | AK32: =H32/2 -> 1.5 | AL32: =ABS(AJ32-AK32) -> 0.0094238161
A33: =CONCATENATE(F33,"x",(IF(H33=INT(H33),CONCATENATE(H33,",",0),H33))) -> SIGMA250x1,0 | B33: =LEFT(G33,3) -> 250 | C33: =VALUE(MID(G33,(SEARCH("/",G33,1)+1),(SEARCH("/",G33,(SEARCH("/",G33,1)+1))-SEARCH("/",G33,1)-1))) -> 66 | D33: =VALUE(MID(G33,(SEARCH("/",G33,(SEARCH("/",G33,1)+1))+1),(SEARCH("/",G33,SEARCH("/",G33,(SEARCH("/",G33,1)+1))+1))-(SEARCH("/",G33,(SEARCH("/",G33,1)+1))+1))) -> 66 | E33: =VALUE(MID(G33,(SEARCH("/",G33,SEARCH("/",G33,(SEARCH("/",G33,1)+1))+1)+1),4)) -> 20 | F33: =CONCATENATE("SIGMA",LEFT(G33,3)) -> SIGMA250 | G33: 250/66/66/20 | H33: 1 | I33: 8.23 | J33: 371.86 | K33: 41.31 | L33: 28.31 | M33: 7.85 | N33: 6.72 | O33: 1.85 | P33: 1.89 | R33: 9 | T33: 3.46 | AB33: =2*PI()*4 -> 25.132741 | AC33: =2*PI()*(4+H33) -> 31.415927 | AD33: =B33-2*(4+$H33)-72 -> 168 | AE33: =INDEX($AN$11:$AN$18,MATCH(H33,$AM$11:$AM$18)) -> 88.0464 | AF33: =C33-2*(4+$H33) -> 56 | AG33: =D33-2*(4+$H33) -> 56 | AH33: =E33-(4+$H33) -> 15 | AI33: =(AB33+AC33+2*(AD33+AE33+AF33+AG33+2*AH33))/10 -> 85.264147 | AJ33: =I33/AI33*10 -> 0.96523572 | AK33: =H33/2 -> 0.5 | AL33: =ABS(AJ33-AK33) -> 0.46523572
A34: =CONCATENATE(F34,"x",(IF(H34=INT(H34),CONCATENATE(H34,",",0),H34))) -> SIGMA250x1,2 | B34: =LEFT(G34,3) -> 250 | C34: =VALUE(MID(G34,(SEARCH("/",G34,1)+1),(SEARCH("/",G34,(SEARCH("/",G34,1)+1))-SEARCH("/",G34,1)-1))) -> 66 | D34: =VALUE(MID(G34,(SEARCH("/",G34,(SEARCH("/",G34,1)+1))+1),(SEARCH("/",G34,SEARCH("/",G34,(SEARCH("/",G34,1)+1))+1))-(SEARCH("/",G34,(SEARCH("/",G34,1)+1))+1))) -> 66 | E34: =VALUE(MID(G34,(SEARCH("/",G34,SEARCH("/",G34,(SEARCH("/",G34,1)+1))+1)+1),4)) -> 20 | F34: =CONCATENATE("SIGMA",LEFT(G34,3)) -> SIGMA250 | G34: 250/66/66/20 | H34: 1.2 | I34: 9.92 | J34: 444.65 | K34: 49.4 | L34: 34.32 | M34: 9.64 | N34: 6.69 | O34: 1.85 | P34: 1.94 | R34: 9 | T34: 4.11 | AB34: =2*PI()*4 -> 25.132741 | AC34: =2*PI()*(4+H34) -> 32.672564 | AD34: =B34-2*(4+$H34)-72 -> 167.6 | AE34: =INDEX($AN$11:$AN$18,MATCH(H34,$AM$11:$AM$18)) -> 88.0849 | AF34: =C34-2*(4+$H34) -> 55.6 | AG34: =D34-2*(4+$H34) -> 55.6 | AH34: =E34-(4+$H34) -> 14.8 | AI34: =(AB34+AC34+2*(AD34+AE34+AF34+AG34+2*AH34))/10 -> 85.07751 | AJ34: =I34/AI34*10 -> 1.1659956 | AK34: =H34/2 -> 0.6 | AL34: =ABS(AJ34-AK34) -> 0.56599557
A35: =CONCATENATE(F35,"x",(IF(H35=INT(H35),CONCATENATE(H35,",",0),H35))) -> SIGMA250x2,0 | B35: =LEFT(G35,3) -> 250 | C35: =VALUE(MID(G35,(SEARCH("/",G35,1)+1),(SEARCH("/",G35,(SEARCH("/",G35,1)+1))-SEARCH("/",G35,1)-1))) -> 66 | D35: =VALUE(MID(G35,(SEARCH("/",G35,(SEARCH("/",G35,1)+1))+1),(SEARCH("/",G35,SEARCH("/",G35,(SEARCH("/",G35,1)+1))+1))-(SEARCH("/",G35,(SEARCH("/",G35,1)+1))+1))) -> 66 | E35: =VALUE(MID(G35,(SEARCH("/",G35,SEARCH("/",G35,(SEARCH("/",G35,1)+1))+1)+1),4)) -> 20 | F35: =CONCATENATE("SIGMA",LEFT(G35,3)) -> SIGMA250 | G35: 250/66/66/20 | H35: 2 | I35: 8.39 | J35: 723.01 | K35: 57.84 | L35: 40.17 | M35: 8.47 | N35: 9.28 | O35: 2.18 | P35: 1.86 | R35: 12.5 | T35: 6.58 | V35: 0.112 | W35: 0.225 | X35: 158.232 | AB35: =2*PI()*4 -> 25.132741 | AC35: =2*PI()*(4+H35) -> 37.699112 | AD35: =B35-2*(4+$H35)-72 -> 166 | AE35: =INDEX($AN$11:$AN$18,MATCH(H35,$AM$11:$AM$18)) -> 88.2436 | AF35: =C35-2*(4+$H35) -> 54 | AG35: =D35-2*(4+$H35) -> 54 | AH35: =E35-(4+$H35) -> 14 | AI35: =(AB35+AC35+2*(AD35+AE35+AF35+AG35+2*AH35))/10 -> 84.331905 | AJ35: =I35/AI35*10 -> 0.99487851 | AK35: =H35/2 -> 1 | AL35: =ABS(AJ35-AK35) -> 0.0051214935
A36: =CONCATENATE(F36,"x",(IF(H36=INT(H36),CONCATENATE(H36,",",0),H36))) -> SIGMA250x2,5 | B36: =LEFT(G36,3) -> 250 | C36: =VALUE(MID(G36,(SEARCH("/",G36,1)+1),(SEARCH("/",G36,(SEARCH("/",G36,1)+1))-SEARCH("/",G36,1)-1))) -> 67 | D36: =VALUE(MID(G36,(SEARCH("/",G36,(SEARCH("/",G36,1)+1))+1),(SEARCH("/",G36,SEARCH("/",G36,(SEARCH("/",G36,1)+1))+1))-(SEARCH("/",G36,(SEARCH("/",G36,1)+1))+1))) -> 67 | E36: =VALUE(MID(G36,(SEARCH("/",G36,SEARCH("/",G36,(SEARCH("/",G36,1)+1))+1)+1),4)) -> 20 | F36: =CONCATENATE("SIGMA",LEFT(G36,3)) -> SIGMA250 | G36: 250/67/67/20 | H36: 2.5 | I36: 10.48 | J36: 900.28 | K36: 72.02 | L36: 50.71 | M36: 10.55 | N36: 9.26 | O36: 2.19 | P36: 1.89 | R36: 12.5 | T36: 8.22 | V36: 0.219 | W36: 0.438 | X36: 201.861 | AB36: =2*PI()*4 -> 25.132741 | AC36: =2*PI()*(4+H36) -> 40.840704 | AD36: =B36-2*(4+$H36)-72 -> 165 | AE36: =INDEX($AN$11:$AN$18,MATCH(H36,$AM$11:$AM$18)) -> 88.3466 | AF36: =C36-2*(4+$H36) -> 54 | AG36: =D36-2*(4+$H36) -> 54 | AH36: =E36-(4+$H36) -> 13.5 | AI36: =(AB36+AC36+2*(AD36+AE36+AF36+AG36+2*AH36))/10 -> 84.266665 | AJ36: =I36/AI36*10 -> 1.2436709 | AK36: =H36/2 -> 1.25 | AL36: =ABS(AJ36-AK36) -> 0.006329083
A37: =CONCATENATE(F37,"x",(IF(H37=INT(H37),CONCATENATE(H37,",",0),H37))) -> SIGMA250x3,0 | B37: =LEFT(G37,3) -> 250 | C37: =VALUE(MID(G37,(SEARCH("/",G37,1)+1),(SEARCH("/",G37,(SEARCH("/",G37,1)+1))-SEARCH("/",G37,1)-1))) -> 68 | D37: =VALUE(MID(G37,(SEARCH("/",G37,(SEARCH("/",G37,1)+1))+1),(SEARCH("/",G37,SEARCH("/",G37,(SEARCH("/",G37,1)+1))+1))-(SEARCH("/",G37,(SEARCH("/",G37,1)+1))+1))) -> 68 | E37: =VALUE(MID(G37,(SEARCH("/",G37,SEARCH("/",G37,(SEARCH("/",G37,1)+1))+1)+1),4)) -> 20 | F37: =CONCATENATE("SIGMA",LEFT(G37,3)) -> SIGMA250 | G37: 250/68/68/20 | H37: 3 | I37: 12.56 | J37: 1076.17 | K37: 86.09 | L37: 61.44 | M37: 12.61 | N37: 9.25 | O37: 2.21 | P37: 1.93 | R37: 12.5 | T37: 9.85 | V37: 0.379 | W37: 0.757 | X37: 247.167 | AB37: =2*PI()*4 -> 25.132741 | AC37: =2*PI()*(4+H37) -> 43.982297 | AD37: =B37-2*(4+$H37)-72 -> 164 | AE37: =INDEX($AN$11:$AN$18,MATCH(H37,$AM$11:$AM$18)) -> 88.4526 | AF37: =C37-2*(4+$H37) -> 54 | AG37: =D37-2*(4+$H37) -> 54 | AH37: =E37-(4+$H37) -> 13 | AI37: =(AB37+AC37+2*(AD37+AE37+AF37+AG37+2*AH37))/10 -> 84.202024 | AJ37: =I37/AI37*10 -> 1.4916506 | AK37: =H37/2 -> 1.5 | AL37: =ABS(AJ37-AK37) -> 0.0083493926
A38: =CONCATENATE(F38,"x",(IF(H38=INT(H38),CONCATENATE(H38,",",0),H38))) -> SIGMA250x3,5 | B38: =LEFT(G38,3) -> 250 | C38: =VALUE(MID(G38,(SEARCH("/",G38,1)+1),(SEARCH("/",G38,(SEARCH("/",G38,1)+1))-SEARCH("/",G38,1)-1))) -> 69 | D38: =VALUE(MID(G38,(SEARCH("/",G38,(SEARCH("/",G38,1)+1))+1),(SEARCH("/",G38,SEARCH("/",G38,(SEARCH("/",G38,1)+1))+1))-(SEARCH("/",G38,(SEARCH("/",G38,1)+1))+1))) -> 69 | E38: =VALUE(MID(G38,(SEARCH("/",G38,SEARCH("/",G38,(SEARCH("/",G38,1)+1))+1)+1),4)) -> 20 | F38: =CONCATENATE("SIGMA",LEFT(G38,3)) -> SIGMA250 | G38: 250/69/69/20 | H38: 3.5 | I38: 14.64 | J38: 1250.68 | K38: 100.05 | L38: 72.37 | M38: 14.66 | N38: 9.24 | O38: 2.22 | P38: 1.97 | R38: 12.5 | T38: 11.48 | V38: 0.601 | W38: 1.201 | X38: 294.173 | AB38: =2*PI()*4 -> 25.132741 | AC38: =2*PI()*(4+H38) -> 47.12389 | AD38: =B38-2*(4+$H38)-72 -> 163 | AE38: =INDEX($AN$11:$AN$18,MATCH(H38,$AM$11:$AM$18)) -> 88.5619 | AF38: =C38-2*(4+$H38) -> 54 | AG38: =D38-2*(4+$H38) -> 54 | AH38: =E38-(4+$H38) -> 12.5 | AI38: =(AB38+AC38+2*(AD38+AE38+AF38+AG38+2*AH38))/10 -> 84.138043 | AJ38: =I38/AI38*10 -> 1.7399977 | AK38: =H38/2 -> 1.75 | AL38: =ABS(AJ38-AK38) -> 0.010002318
A39: =CONCATENATE(F39,"x",(IF(H39=INT(H39),CONCATENATE(H39,",",0),H39))) -> SIGMA300x2,0 | B39: =LEFT(G39,3) -> 300 | C39: =VALUE(MID(G39,(SEARCH("/",G39,1)+1),(SEARCH("/",G39,(SEARCH("/",G39,1)+1))-SEARCH("/",G39,1)-1))) -> 91 | D39: =VALUE(MID(G39,(SEARCH("/",G39,(SEARCH("/",G39,1)+1))+1),(SEARCH("/",G39,SEARCH("/",G39,(SEARCH("/",G39,1)+1))+1))-(SEARCH("/",G39,(SEARCH("/",G39,1)+1))+1))) -> 91 | E39: =VALUE(MID(G39,(SEARCH("/",G39,SEARCH("/",G39,(SEARCH("/",G39,1)+1))+1)+1),4)) -> 20 | F39: =CONCATENATE("SIGMA",LEFT(G39,3)) -> SIGMA300 | G39: 300/91/91/20 | H39: 2 | I39: 10.39 | J39: 1343.07 | K39: 89.53 | L39: 95.08 | M39: 14.22 | N39: 11.36 | O39: 3.02 | P39: 2.42 | R39: 15 | T39: 8.15 | V39: 0.139 | W39: 0.278 | X39: 343.1 | AB39: =2*PI()*4 -> 25.132741 | AC39: =2*PI()*(4+H39) -> 37.699112 | AD39: =B39-2*(4+$H39)-72 -> 216 | AE39: =INDEX($AN$11:$AN$18,MATCH(H39,$AM$11:$AM$18)) -> 88.2436 | AF39: =C39-2*(4+$H39) -> 79 | AG39: =D39-2*(4+$H39) -> 79 | AH39: =E39-(4+$H39) -> 14 | AI39: =(AB39+AC39+2*(AD39+AE39+AF39+AG39+2*AH39))/10 -> 104.33191 | AJ39: =I39/AI39*10 -> 0.99586028 | AK39: =H39/2 -> 1 | AL39: =ABS(AJ39-AK39) -> 0.0041397241
A40: =CONCATENATE(F40,"x",(IF(H40=INT(H40),CONCATENATE(H40,",",0),H40))) -> SIGMA300x2,5 | B40: =LEFT(G40,3) -> 300 | C40: =VALUE(MID(G40,(SEARCH("/",G40,1)+1),(SEARCH("/",G40,(SEARCH("/",G40,1)+1))-SEARCH("/",G40,1)-1))) -> 92 | D40: =VALUE(MID(G40,(SEARCH("/",G40,(SEARCH("/",G40,1)+1))+1),(SEARCH("/",G40,SEARCH("/",G40,(SEARCH("/",G40,1)+1))+1))-(SEARCH("/",G40,(SEARCH("/",G40,1)+1))+1))) -> 92 | E40: =VALUE(MID(G40,(SEARCH("/",G40,SEARCH("/",G40,(SEARCH("/",G40,1)+1))+1)+1),4)) -> 20 | F40: =CONCATENATE("SIGMA",LEFT(G40,3)) -> SIGMA300 | G40: 300/92/92/20 | H40: 2.5 | I40: 12.98 | J40: 1673.32 | K40: 111.55 | L40: 119.61 | M40: 17.72 | N40: 11.35 | O40: 3.03 | P40: 2.45 | R40: 15 | T40: 10.18 | V40: 0.271 | W40: 0.543 | X40: 435.183 | AB40: =2*PI()*4 -> 25.132741 | AC40: =2*PI()*(4+H40) -> 40.840704 | AD40: =B40-2*(4+$H40)-72 -> 215 | AE40: =INDEX($AN$11:$AN$18,MATCH(H40,$AM$11:$AM$18)) -> 88.3466 | AF40: =C40-2*(4+$H40) -> 79 | AG40: =D40-2*(4+$H40) -> 79 | AH40: =E40-(4+$H40) -> 13.5 | AI40: =(AB40+AC40+2*(AD40+AE40+AF40+AG40+2*AH40))/10 -> 104.26666 | AJ40: =I40/AI40*10 -> 1.2448849 | AK40: =H40/2 -> 1.25 | AL40: =ABS(AJ40-AK40) -> 0.0051150645
A41: =CONCATENATE(F41,"x",(IF(H41=INT(H41),CONCATENATE(H41,",",0),H41))) -> SIGMA300x3,0 | B41: =LEFT(G41,3) -> 300 | C41: =VALUE(MID(G41,(SEARCH("/",G41,1)+1),(SEARCH("/",G41,(SEARCH("/",G41,1)+1))-SEARCH("/",G41,1)-1))) -> 93 | D41: =VALUE(MID(G41,(SEARCH("/",G41,(SEARCH("/",G41,1)+1))+1),(SEARCH("/",G41,SEARCH("/",G41,(SEARCH("/",G41,1)+1))+1))-(SEARCH("/",G41,(SEARCH("/",G41,1)+1))+1))) -> 93 | E41: =VALUE(MID(G41,(SEARCH("/",G41,SEARCH("/",G41,(SEARCH("/",G41,1)+1))+1)+1),4)) -> 20 | F41: =CONCATENATE("SIGMA",LEFT(G41,3)) -> SIGMA300 | G41: 300/93/93/20 | H41: 3 | I41: 15.56 | J41: 2001.39 | K41: 133.42 | L41: 144.45 | M41: 21.2 | N41: 11.33 | O41: 3.04 | P41: 2.49 | R41: 15 | T41: 12.21 | V41: 0.469 | W41: 0.937 | X41: 529.844 | AB41: =2*PI()*4 -> 25.132741 | AC41: =2*PI()*(4+H41) -> 43.982297 | AD41: =B41-2*(4+$H41)-72 -> 214 | AE41: =INDEX($AN$11:$AN$18,MATCH(H41,$AM$11:$AM$18)) -> 88.4526 | AF41: =C41-2*(4+$H41) -> 79 | AG41: =D41-2*(4+$H41) -> 79 | AH41: =E41-(4+$H41) -> 13 | AI41: =(AB41+AC41+2*(AD41+AE41+AF41+AG41+2*AH41))/10 -> 104.20202 | AJ41: =I41/AI41*10 -> 1.4932531 | AK41: =H41/2 -> 1.5 | AL41: =ABS(AJ41-AK41) -> 0.0067468532
A42: =CONCATENATE(F42,"x",(IF(H42=INT(H42),CONCATENATE(H42,",",0),H42))) -> SIGMA300x3,5 | B42: =LEFT(G42,3) -> 300 | C42: =VALUE(MID(G42,(SEARCH("/",G42,1)+1),(SEARCH("/",G42,(SEARCH("/",G42,1)+1))-SEARCH("/",G42,1)-1))) -> 94 | D42: =VALUE(MID(G42,(SEARCH("/",G42,(SEARCH("/",G42,1)+1))+1),(SEARCH("/",G42,SEARCH("/",G42,(SEARCH("/",G42,1)+1))+1))-(SEARCH("/",G42,(SEARCH("/",G42,1)+1))+1))) -> 94 | E42: =VALUE(MID(G42,(SEARCH("/",G42,SEARCH("/",G42,(SEARCH("/",G42,1)+1))+1)+1),4)) -> 20 | F42: =CONCATENATE("SIGMA",LEFT(G42,3)) -> SIGMA300 | G42: 300/94/94/20 | H42: 3.5 | I42: 18.14 | J42: 2327.27 | K42: 155.15 | L42: 169.58 | M42: 24.66 | N42: 11.32 | O42: 3.05 | P42: 2.52 | R42: 15 | T42: 14.23 | V42: 0.744 | W42: 1.487 | X42: 627.107 | AB42: =2*PI()*4 -> 25.132741 | AC42: =2*PI()*(4+H42) -> 47.12389 | AD42: =B42-2*(4+$H42)-72 -> 213 | AE42: =INDEX($AN$11:$AN$18,MATCH(H42,$AM$11:$AM$18)) -> 88.5619 | AF42: =C42-2*(4+$H42) -> 79 | AG42: =D42-2*(4+$H42) -> 79 | AH42: =E42-(4+$H42) -> 12.5 | AI42: =(AB42+AC42+2*(AD42+AE42+AF42+AG42+2*AH42))/10 -> 104.13804 | AJ42: =I42/AI42*10 -> 1.7419187 | AK42: =H42/2 -> 1.75 | AL42: =ABS(AJ42-AK42) -> 0.0080813448
A43: =CONCATENATE(F43,"x",(IF(H43=INT(H43),CONCATENATE(H43,",",0),H43))) -> SIGMA350x2,0 | B43: =LEFT(G43,3) -> 350 | C43: =VALUE(MID(G43,(SEARCH("/",G43,1)+1),(SEARCH("/",G43,(SEARCH("/",G43,1)+1))-SEARCH("/",G43,1)-1))) -> 100 | D43: =VALUE(MID(G43,(SEARCH("/",G43,(SEARCH("/",G43,1)+1))+1),(SEARCH("/",G43,SEARCH("/",G43,(SEARCH("/",G43,1)+1))+1))-(SEARCH("/",G43,(SEARCH("/",G43,1)+1))+1))) -> 100 | E43: =VALUE(MID(G43,(SEARCH("/",G43,SEARCH("/",G43,(SEARCH("/",G43,1)+1))+1)+1),4)) -> 20 | F43: =CONCATENATE("SIGMA",LEFT(G43,3)) -> SIGMA350 | G43: 350/100/100/20 | H43: 2 | I43: 11.75 | J43: 2044.72 | K43: 116.84 | L43: 126.75 | M43: 16.87 | N43: 13.18 | O43: 3.28 | P43: 2.49 | R43: 17.5 | T43: 9.22 | V43: 0.157 | W43: 0.314 | X43: 435.426 | AB43: =2*PI()*4 -> 25.132741 | AC43: =2*PI()*(4+H43) -> 37.699112 | AD43: =B43-2*(4+$H43)-72 -> 266 | AE43: =INDEX($AN$11:$AN$18,MATCH(H43,$AM$11:$AM$18)) -> 88.2436 | AF43: =C43-2*(4+$H43) -> 88 | AG43: =D43-2*(4+$H43) -> 88 | AH43: =E43-(4+$H43) -> 14 | AI43: =(AB43+AC43+2*(AD43+AE43+AF43+AG43+2*AH43))/10 -> 117.93191 | AJ43: =I43/AI43*10 -> 0.99633767 | AK43: =H43/2 -> 1 | AL43: =ABS(AJ43-AK43) -> 0.0036623279
A44: =CONCATENATE(F44,"x",(IF(H44=INT(H44),CONCATENATE(H44,",",0),H44))) -> SIGMA350x2,5 | B44: =LEFT(G44,3) -> 350 | C44: =VALUE(MID(G44,(SEARCH("/",G44,1)+1),(SEARCH("/",G44,(SEARCH("/",G44,1)+1))-SEARCH("/",G44,1)-1))) -> 100 | D44: =VALUE(MID(G44,(SEARCH("/",G44,(SEARCH("/",G44,1)+1))+1),(SEARCH("/",G44,SEARCH("/",G44,(SEARCH("/",G44,1)+1))+1))-(SEARCH("/",G44,(SEARCH("/",G44,1)+1))+1))) -> 100 | E44: =VALUE(MID(G44,(SEARCH("/",G44,SEARCH("/",G44,(SEARCH("/",G44,1)+1))+1)+1),4)) -> 22 | F44: =CONCATENATE("SIGMA",LEFT(G44,3)) -> SIGMA350 | G44: 350/100/100/22 | H44: 2.5 | I44: 14.73 | J44: 2557.22 | K44: 146.12 | L44: 160.79 | M44: 21.55 | N44: 13.17 | O44: 3.3 | P44: 2.54 | R44: 17.5 | T44: 11.56 | V44: 0.308 | W44: 0.616 | X44: 558.454 | AB44: =2*PI()*4 -> 25.132741 | AC44: =2*PI()*(4+H44) -> 40.840704 | AD44: =B44-2*(4+$H44)-72 -> 265 | AE44: =INDEX($AN$11:$AN$18,MATCH(H44,$AM$11:$AM$18)) -> 88.3466 | AF44: =C44-2*(4+$H44) -> 87 | AG44: =D44-2*(4+$H44) -> 87 | AH44: =E44-(4+$H44) -> 15.5 | AI44: =(AB44+AC44+2*(AD44+AE44+AF44+AG44+2*AH44))/10 -> 118.26666 | AJ44: =I44/AI44*10 -> 1.2454904 | AK44: =H44/2 -> 1.25 | AL44: =ABS(AJ44-AK44) -> 0.0045095608
A45: =CONCATENATE(F45,"x",(IF(H45=INT(H45),CONCATENATE(H45,",",0),H45))) -> SIGMA350x3,0 | B45: =LEFT(G45,3) -> 350 | C45: =VALUE(MID(G45,(SEARCH("/",G45,1)+1),(SEARCH("/",G45,(SEARCH("/",G45,1)+1))-SEARCH("/",G45,1)-1))) -> 100 | D45: =VALUE(MID(G45,(SEARCH("/",G45,(SEARCH("/",G45,1)+1))+1),(SEARCH("/",G45,SEARCH("/",G45,(SEARCH("/",G45,1)+1))+1))-(SEARCH("/",G45,(SEARCH("/",G45,1)+1))+1))) -> 100 | E45: =VALUE(MID(G45,(SEARCH("/",G45,SEARCH("/",G45,(SEARCH("/",G45,1)+1))+1)+1),4)) -> 24 | F45: =CONCATENATE("SIGMA",LEFT(G45,3)) -> SIGMA350 | G45: 350/100/100/24 | H45: 3 | I45: 17.72 | J45: 3069.63 | K45: 175.4 | L45: 195.63 | M45: 26.41 | N45: 13.15 | O45: 3.32 | P45: 2.6 | R45: 17.5 | T45: 13.9 | V45: 0.533 | W45: 1.067 | X45: 687.002 | AB45: =2*PI()*4 -> 25.132741 | AC45: =2*PI()*(4+H45) -> 43.982297 | AD45: =B45-2*(4+$H45)-72 -> 264 | AE45: =INDEX($AN$11:$AN$18,MATCH(H45,$AM$11:$AM$18)) -> 88.4526 | AF45: =C45-2*(4+$H45) -> 86 | AG45: =D45-2*(4+$H45) -> 86 | AH45: =E45-(4+$H45) -> 17 | AI45: =(AB45+AC45+2*(AD45+AE45+AF45+AG45+2*AH45))/10 -> 118.60202 | AJ45: =I45/AI45*10 -> 1.4940723 | AK45: =H45/2 -> 1.5 | AL45: =ABS(AJ45-AK45) -> 0.0059276877
A46: =CONCATENATE(F46,"x",(IF(H46=INT(H46),CONCATENATE(H46,",",0),H46))) -> SIGMA350x3,5 | B46: =LEFT(G46,3) -> 350 | C46: =VALUE(MID(G46,(SEARCH("/",G46,1)+1),(SEARCH("/",G46,(SEARCH("/",G46,1)+1))-SEARCH("/",G46,1)-1))) -> 100 | D46: =VALUE(MID(G46,(SEARCH("/",G46,(SEARCH("/",G46,1)+1))+1),(SEARCH("/",G46,SEARCH("/",G46,(SEARCH("/",G46,1)+1))+1))-(SEARCH("/",G46,(SEARCH("/",G46,1)+1))+1))) -> 100 | E46: =VALUE(MID(G46,(SEARCH("/",G46,SEARCH("/",G46,(SEARCH("/",G46,1)+1))+1)+1),4)) -> 26 | F46: =CONCATENATE("SIGMA",LEFT(G46,3)) -> SIGMA350 | G46: 350/100/100/26 | H46: 3.5 | I46: 20.73 | J46: 3581.67 | K46: 204.66 | L46: 231.2 | M46: 31.44 | N46: 13.14 | O46: 3.33 | P46: 2.65 | R46: 17.5 | T46: 16.26 | V46: 0.849 | W46: 1.699 | X46: 820.996 | AB46: =2*PI()*4 -> 25.132741 | AC46: =2*PI()*(4+H46) -> 47.12389 | AD46: =B46-2*(4+$H46)-72 -> 263 | AE46: =INDEX($AN$11:$AN$18,MATCH(H46,$AM$11:$AM$18)) -> 88.5619 | AF46: =C46-2*(4+$H46) -> 85 | AG46: =D46-2*(4+$H46) -> 85 | AH46: =E46-(4+$H46) -> 18.5 | AI46: =(AB46+AC46+2*(AD46+AE46+AF46+AG46+2*AH46))/10 -> 118.93804 | AJ46: =I46/AI46*10 -> 1.7429243 | AK46: =H46/2 -> 1.75 | AL46: =ABS(AJ46-AK46) -> 0.0070757464
... A50: =CONCATENATE(F50,"x",(IF(H50=INT(H50),CONCATENATE(H50,",",0),H50))) -> SIGMA400x3,5 | B50: =LEFT(G50,3) -> 400 | C50: =VALUE(MID(G50,(SEARCH("/",G50,1)+1),(SEARCH("/",G50,(SEARCH("/",G50,1)+1))-SEARCH("/",G50,1)-1))) -> 100 | D50: =VALUE(MID(G50,(SEARCH("/",G50,(SEARCH("/",G50,1)+1))+1),(SEARCH("/",G50,SEARCH("/",G50,(SEARCH("/",G50,1)+1))+1))-(SEARCH("/",G50,(SEARCH("/",G50,1)+1))+1))) -> 100 | E50: =VALUE(MID(G50,(SEARCH("/",G50,SEARCH("/",G50,(SEARCH("/",G50,1)+1))+1)+1),4)) -> 26 | F50: =CONCATENATE("SIGMA",LEFT(G50,3)) -> SIGMA400 | G50: 400/100/100/26 | H50: 3.5 | I50: 22.48 | J50: 4928.94 | K50: 246.44 | L50: 241.09 | M50: 31.95 | N50: 14.8 | O50: 3.27 | P50: 2.46 | R50: 20 | T50: 17.64 | V50: 0.921 | W50: 1.841 | X50: 821.822 | AB50: =2*PI()*4 -> 25.132741 | AC50: =2*PI()*(4+H50) -> 47.12389 | AD50: =B50-2*(4+$H50)-72 -> 313 | AE50: =INDEX($AN$11:$AN$18,MATCH(H50,$AM$11:$AM$18)) -> 88.5619 | AF50: =C50-2*(4+$H50) -> 85 | AG50: =D50-2*(4+$H50) -> 85 | AH50: =E50-(4+$H50) -> 18.5 | AI50: =(AB50+AC50+2*(AD50+AE50+AF50+AG50+2*AH50))/10 -> 128.93804 | AJ50: =I50/AI50*10 -> 1.743473 | AK50: =H50/2 -> 1.75 | AL50: =ABS(AJ50-AK50) -> 0.0065269754
A51: =CONCATENATE(F51,"x",(IF(H51=INT(H51),CONCATENATE(H51,",",0),H51))) -> SIGMA400x4,0 | B51: =LEFT(G51,3) -> 400 | C51: =VALUE(MID(G51,(SEARCH("/",G51,1)+1),(SEARCH("/",G51,(SEARCH("/",G51,1)+1))-SEARCH("/",G51,1)-1))) -> 100 | D51: =VALUE(MID(G51,(SEARCH("/",G51,(SEARCH("/",G51,1)+1))+1),(SEARCH("/",G51,SEARCH("/",G51,(SEARCH("/",G51,1)+1))+1))-(SEARCH("/",G51,(SEARCH("/",G51,1)+1))+1))) -> 100 | E51: =VALUE(MID(G51,(SEARCH("/",G51,SEARCH("/",G51,(SEARCH("/",G51,1)+1))+1)+1),4)) -> 28 | F51: =CONCATENATE("SIGMA",LEFT(G51,3)) -> SIGMA400 | G51: 400/100/100/28 | H51: 4 | I51: 25.75 | J51: 5635.84 | K51: 281.79 | L51: 280.81 | M51: 37.47 | N51: 14.79 | O51: 3.3 | P51: 2.51 | R51: 20 | T51: 20.21 | AB51: =2*PI()*4 -> 25.132741 | AC51: =2*PI()*(4+H51) -> 50.265482 | AD51: =B51-2*(4+$H51)-72 -> 312 | AE51: =INDEX($AN$11:$AN$18,MATCH(H51,$AM$11:$AM$18)) -> 88.6747 | AF51: =C51-2*(4+$H51) -> 84 | AG51: =D51-2*(4+$H51) -> 84 | AH51: =E51-(4+$H51) -> 20 | AI51: =(AB51+AC51+2*(AD51+AE51+AF51+AG51+2*AH51))/10 -> 129.27476 | AJ51: =I51/AI51*10 -> 1.9918814 | AK51: =H51/2 -> 2 | AL51: =ABS(AJ51-AK51) -> 0.0081185586

Sheet Z_R_280
A1: 280
A2: =Сводная!A19 -> Z250x2,5 | B2: =INDEX(B11:B48,MATCH($A$2,$A$11:$A$48)) -> 250 | C2: =INDEX(C11:C48,MATCH($A$2,$A$11:$A$48)) -> 68 | D2: =INDEX(D11:D48,MATCH($A$2,$A$11:$A$48)) -> 79 | E2: =INDEX(E11:E48,MATCH($A$2,$A$11:$A$48)) -> 22 | F2: =INDEX(F11:F48,MATCH($A$2,$A$11:$A$48)) -> Z250 | G2: =INDEX(G11:G48,MATCH($A$2,$A$11:$A$48)) -> 250/68/79/22 | H2: =INDEX(H11:H48,MATCH($A$2,$A$11:$A$48)) -> 2.5 | I2: =INDEX(I11:I48,MATCH($A$2,$A$11:$A$48)) -> 8.28 | ... Z2: =INDEX(Z11:Z48,MATCH($A$2,$A$11:$A$48)) -> 6.91
A4: Наименование | B4: Стенка H | C4: Полка B1 | D4: Полка B2 | E4: Отгибы С | F4: Сечение профиля | H4: Толщина металла t, мм | I4: Масса 1 п.м. | J4: Расчетные справочные величины для профилей при продольном сжатии | L4: Расчетные справочные величины при изгибе
L5: В плоскости х - х | V5: В плоскости у - у
L6: Сжата полка В1 | Q6: Сжата полка В2
F7: Тип | G7: Н/В1/В2/С, мм | J7: Площадь сечения | K7: Радиус инерции | L7: Площадь сечения | M7: Момент инерции | N7: Момент сопр-я | O7: Радиус инерции | P7: Полож-е ц.т. | Q7: Площадь сечения | R7: Момент инерции | S7: Момент сопр-я | T7: Радиус инерции | U7: Полож-е ц.т. | V7: Площадь сечения | W7: Момент инерции | X7: Момент сопр-я | Y7: Радиус инерции | Z7: Полож-е ц.т.
J9: Fp, | K9: rmin, | L9: Fp, | M9: Jx, | N9: Wx, | O9: rx, | P9: y0, | Q9: Fp, | R9: Jx, | S9: Wx, | T9: rx, | U9: y0, | V9: Fp, | W9: Jy, | X9: Wy, | Y9: ry, | Z9: x0,
I10: кг | J10: см2 | K10: см | L10: см2 | M10: см4 | N10: см3 | O10: см | P10: см | Q10: см2 | R10: см4 | S10: см3 | T10: см | U10: см | V10: см2 | W10: см4 | X10: см3 | Y10: см | Z10: см
A11: =CONCATENATE(F11,"x",(IF(H11=INT(H11),CONCATENATE(H11,",",0),H11))) -> Z140x1,0 | B11: =LEFT(G11,3) -> 140 | C11: =VALUE(MID(G11,(SEARCH("/",G11,1)+1),(SEARCH("/",G11,(SEARCH("/",G11,1)+1))-SEARCH("/",G11,1)-1))) -> 59.5 | D11: =VALUE(MID(G11,(SEARCH("/",G11,(SEARCH("/",G11,1)+1))+1),(SEARCH("/",G11,SEARCH("/",G11,(SEARCH("/",G11,1)+1))+1))-(SEARCH("/",G11,(SEARCH("/",G11,1)+1))+1))) -> 65.5 | E11: =VALUE(MID(G11,(SEARCH("/",G11,SEARCH("/",G11,(SEARCH("/",G11,1)+1))+1)+1),4)) -> 20 | F11: =CONCATENATE("Z",LEFT(G11,3)) -> Z140 | G11: 140/59,5/65,5/20 | H11: 1 | I11: 2.38 | J11: 1.43 | K11: 3.01 | L11: 2.62 | M11: 81.17 | N11: 10.44 | O11: 5.56 | P11: 6.23 | Q11: 2.57 | R11: 79.38 | S11: 10.44 | T11: 5.54 | U11: 7.6 | V11: 2.69 | W11: 24.41 | X11: 3.65 | Y11: 3 | Z11: 5.72
A12: =CONCATENATE(F12,"x",(IF(H12=INT(H12),CONCATENATE(H12,",",0),H12))) -> Z140x1,2 | B12: =LEFT(G12,3) -> 140 | C12: =VALUE(MID(G12,(SEARCH("/",G12,1)+1),(SEARCH("/",G12,(SEARCH("/",G12,1)+1))-SEARCH("/",G12,1)-1))) -> 59.5 | D12: =VALUE(MID(G12,(SEARCH("/",G12,(SEARCH("/",G12,1)+1))+1),(SEARCH("/",G12,SEARCH("/",G12,(SEARCH("/",G12,1)+1))+1))-(SEARCH("/",G12,(SEARCH("/",G12,1)+1))+1))) -> 65.5 | E12: =VALUE(MID(G12,(SEARCH("/",G12,SEARCH("/",G12,(SEARCH("/",G12,1)+1))+1)+1),4)) -> 20 | F12: =CONCATENATE("Z",LEFT(G12,3)) -> Z140 | G12: 140/59,5/65,5/20 | H12: 1.2 | I12: 2.83 | J12: 1.98 | K12: 2.96 | L12: 3.34 | M12: 103.24 | N12: 13.91 | O12: 5.55 | P12: 6.58 | Q12: 3.29 | R12: 101.05 | S12: 13.93 | T12: 5.53 | U12: 7.25 | V12: 3.32 | W12: 31.2 | X12: 4.77 | Y12: 3.06 | Z12: 5.85
A13: =CONCATENATE(F13,"x",(IF(H13=INT(H13),CONCATENATE(H13,",",0),H13))) -> Z140x1,5 | B13: =LEFT(G13,3) -> 140 | C13: =VALUE(MID(G13,(SEARCH("/",G13,1)+1),(SEARCH("/",G13,(SEARCH("/",G13,1)+1))-SEARCH("/",G13,1)-1))) -> 59.5 | D13: =VALUE(MID(G13,(SEARCH("/",G13,(SEARCH("/",G13,1)+1))+1),(SEARCH("/",G13,SEARCH("/",G13,(SEARCH("/",G13,1)+1))+1))-(SEARCH("/",G13,(SEARCH("/",G13,1)+1))+1))) -> 65.5 | E13: =VALUE(MID(G13,(SEARCH("/",G13,SEARCH("/",G13,(SEARCH("/",G13,1)+1))+1)+1),4)) -> 20 | F13: =CONCATENATE("Z",LEFT(G13,3)) -> Z140 | G13: 140/59,5/65,5/20 | H13: 1.5 | I13: 3.42 | J13: 3.25 | K13: 2.92 | L13: 4.34 | M13: 134.52 | N13: 18.74 | O13: 5.56 | P13: 6.82 | Q13: 4.28 | R13: 132.07 | S13: 18.8 | T13: 5.55 | U13: 6.98 | V13: 4.29 | W13: 41.15 | X13: 6.47 | Y13: 3.1 | Z13: 5.99
A14: =CONCATENATE(F14,"x",(IF(H14=INT(H14),CONCATENATE(H14,",",0),H14))) -> Z140x2,0 | B14: =LEFT(G14,3) -> 140 | C14: =VALUE(MID(G14,(SEARCH("/",G14,1)+1),(SEARCH("/",G14,(SEARCH("/",G14,1)+1))-SEARCH("/",G14,1)-1))) -> 59.5 | D14: =VALUE(MID(G14,(SEARCH("/",G14,(SEARCH("/",G14,1)+1))+1),(SEARCH("/",G14,SEARCH("/",G14,(SEARCH("/",G14,1)+1))+1))-(SEARCH("/",G14,(SEARCH("/",G14,1)+1))+1))) -> 65.5 | E14: =VALUE(MID(G14,(SEARCH("/",G14,SEARCH("/",G14,(SEARCH("/",G14,1)+1))+1)+1),4)) -> 20.5 | F14: =CONCATENATE("Z",LEFT(G14,3)) -> Z140 | G14: 140/59,5/65,5/20,5 | H14: 2 | I14: 4.54 | J14: 4.81 | K14: 2.78 | L14: 5.78 | M14: 178.2 | N14: 24.94 | O14: 5.54 | P14: 6.86 | Q14: 5.78 | R14: 178.2 | S14: 24.94 | T14: 5.54 | U14: 6.86 | V14: 5.79 | W14: 55 | X14: 8.48 | Y14: 3.08 | Z14: 6.01
A15: =CONCATENATE(F15,"x",(IF(H15=INT(H15),CONCATENATE(H15,",",0),H15))) -> Z140x2,5 | B15: =LEFT(G15,3) -> 140 | C15: =VALUE(MID(G15,(SEARCH("/",G15,1)+1),(SEARCH("/",G15,(SEARCH("/",G15,1)+1))-SEARCH("/",G15,1)-1))) -> 59.5 | D15: =VALUE(MID(G15,(SEARCH("/",G15,(SEARCH("/",G15,1)+1))+1),(SEARCH("/",G15,SEARCH("/",G15,(SEARCH("/",G15,1)+1))+1))-(SEARCH("/",G15,(SEARCH("/",G15,1)+1))+1))) -> 65.5 | E15: =VALUE(MID(G15,(SEARCH("/",G15,SEARCH("/",G15,(SEARCH("/",G15,1)+1))+1)+1),4)) -> 21 | F15: =CONCATENATE("Z",LEFT(G15,3)) -> Z140 | G15: 140/59,5/65,5/21 | H15: 2.5 | I15: 5.65 | J15: 6.39 | K15: 2.67 | L15: 7.19 | M15: 219.52 | N15: 30.73 | O15: 5.52 | P15: 6.86 | Q15: 7.19 | R15: 219.52 | S15: 30.73 | T15: 5.52 | U15: 6.86 | V15: 7.2 | W15: 67.59 | X15: 10.38 | Y15: 3.06 | Z15: 5.99
A16: =CONCATENATE(F16,"x",(IF(H16=INT(H16),CONCATENATE(H16,",",0),H16))) -> Z140x3,0 | B16: =LEFT(G16,3) -> 140 | C16: =VALUE(MID(G16,(SEARCH("/",G16,1)+1),(SEARCH("/",G16,(SEARCH("/",G16,1)+1))-SEARCH("/",G16,1)-1))) -> 59.5 | D16: =VALUE(MID(G16,(SEARCH("/",G16,(SEARCH("/",G16,1)+1))+1),(SEARCH("/",G16,SEARCH("/",G16,(SEARCH("/",G16,1)+1))+1))-(SEARCH("/",G16,(SEARCH("/",G16,1)+1))+1))) -> 65.5 | E16: =VALUE(MID(G16,(SEARCH("/",G16,SEARCH("/",G16,(SEARCH("/",G16,1)+1))+1)+1),4)) -> 22 | F16: =CONCATENATE("Z",LEFT(G16,3)) -> Z140 | G16: 140/59,5/65,5/22 | H16: 3 | I16: 6.77 | J16: 8.09 | K16: 2.59 | L16: 8.62 | M16: 260.29 | N16: 36.44 | O16: 5.49 | P16: 6.86 | Q16: 8.62 | R16: 260.29 | S16: 36.44 | T16: 5.49 | U16: 6.86 | V16: 8.47 | W16: 78.89 | X16: 12.36 | Y16: 3.06 | Z16: 5.9
A17: =CONCATENATE(F17,"x",(IF(H17=INT(H17),CONCATENATE(H17,",",0),H17))) -> Z160x1,0 | B17: =LEFT(G17,3) -> 160 | C17: =VALUE(MID(G17,(SEARCH("/",G17,1)+1),(SEARCH("/",G17,(SEARCH("/",G17,1)+1))-SEARCH("/",G17,1)-1))) -> 59.5 | D17: =VALUE(MID(G17,(SEARCH("/",G17,(SEARCH("/",G17,1)+1))+1),(SEARCH("/",G17,SEARCH("/",G17,(SEARCH("/",G17,1)+1))+1))-(SEARCH("/",G17,(SEARCH("/",G17,1)+1))+1))) -> 65.5 | E17: =VALUE(MID(G17,(SEARCH("/",G17,SEARCH("/",G17,(SEARCH("/",G17,1)+1))+1)+1),4)) -> 20 | F17: =CONCATENATE("Z",LEFT(G17,3)) -> Z160 | G17: 160/59,5/65,5/20 | H17: 1 | I17: 2.54 | J17: 1.43 | K17: 2.89 | L17: 2.72 | M17: 108.78 | N17: 12.1 | O17: 6.31 | P17: 7.01 | Q17: 2.68 | R17: 106.56 | S17: 12.09 | T17: 6.29 | U17: 8.81 | V17: 2.89 | W17: 24.42 | X17: 3.66 | Y17: 2.9 | Z17: 5.73
A18: =CONCATENATE(F18,"x",(IF(H18=INT(H18),CONCATENATE(H18,",",0),H18))) -> Z160x1,2 | B18: =LEFT(G18,3) -> 160 | C18: =VALUE(MID(G18,(SEARCH("/",G18,1)+1),(SEARCH("/",G18,(SEARCH("/",G18,1)+1))-SEARCH("/",G18,1)-1))) -> 59.5 | D18: =VALUE(MID(G18,(SEARCH("/",G18,(SEARCH("/",G18,1)+1))+1),(SEARCH("/",G18,SEARCH("/",G18,(SEARCH("/",G18,1)+1))+1))-(SEARCH("/",G18,(SEARCH("/",G18,1)+1))+1))) -> 65.5 | E18: =VALUE(MID(G18,(SEARCH("/",G18,SEARCH("/",G18,(SEARCH("/",G18,1)+1))+1)+1),4)) -> 20 | F18: =CONCATENATE("Z",LEFT(G18,3)) -> Z160 | G18: 160/59,5/65,5/20 | H18: 1.2 | I18: 3.02 | J18: 1.99 | K18: 2.84 | L18: 3.47 | M18: 138.47 | N18: 16.1 | O18: 6.3 | P18: 7.4 | Q18: 3.43 | R18: 135.78 | S18: 16.14 | T18: 6.29 | U18: 8.41 | V18: 3.56 | W18: 31.2 | X18: 4.77 | Y18: 2.95 | Z18: 5.85
A19: =CONCATENATE(F19,"x",(IF(H19=INT(H19),CONCATENATE(H19,",",0),H19))) -> Z160x1,5 | B19: =LEFT(G19,3) -> 160 | C19: =VALUE(MID(G19,(SEARCH("/",G19,1)+1),(SEARCH("/",G19,(SEARCH("/",G19,1)+1))-SEARCH("/",G19,1)-1))) -> 59.5 | D19: =VALUE(MID(G19,(SEARCH("/",G19,(SEARCH("/",G19,1)+1))+1),(SEARCH("/",G19,SEARCH("/",G19,(SEARCH("/",G19,1)+1))+1))-(SEARCH("/",G19,(SEARCH("/",G19,1)+1))+1))) -> 65.5 | E19: =VALUE(MID(G19,(SEARCH("/",G19,SEARCH("/",G19,(SEARCH("/",G19,1)+1))+1)+1),4)) -> 20 | F19: =CONCATENATE("Z",LEFT(G19,3)) -> Z160 | G19: 160/59,5/65,5/20 | H19: 1.5 | I19: 3.66 | J19: 3.27 | K19: 2.8 | L19: 4.64 | M19: 183.54 | N19: 22.4 | O19: 6.28 | P19: 7.81 | Q19: 4.58 | R19: 180.32 | S19: 22.47 | T19: 6.26 | U19: 7.98 | V19: 4.6 | W19: 41.19 | X19: 6.46 | Y19: 3 | Z19: 5.98
A20: =CONCATENATE(F20,"x",(IF(H20=INT(H20),CONCATENATE(H20,",",0),H20))) -> Z160x2,0 | B20: =LEFT(G20,3) -> 160 | C20: =VALUE(MID(G20,(SEARCH("/",G20,1)+1),(SEARCH("/",G20,(SEARCH("/",G20,1)+1))-SEARCH("/",G20,1)-1))) -> 59.5 | D20: =VALUE(MID(G20,(SEARCH("/",G20,(SEARCH("/",G20,1)+1))+1),(SEARCH("/",G20,SEARCH("/",G20,(SEARCH("/",G20,1)+1))+1))-(SEARCH("/",G20,(SEARCH("/",G20,1)+1))+1))) -> 65.5 | E20: =VALUE(MID(G20,(SEARCH("/",G20,SEARCH("/",G20,(SEARCH("/",G20,1)+1))+1)+1),4)) -> 20.5 | F20: =CONCATENATE("Z",LEFT(G20,3)) -> Z160 | G20: 160/59,5/65,5/20,5 | H20: 2 | I20: 4.86 | J20: 4.86 | K20: 2.66 | L20: 6.18 | M20: 243.39 | N20: 29.85 | O20: 6.27 | P20: 7.85 | Q20: 6.18 | R20: 243.39 | S20: 29.85 | T20: 6.27 | U20: 7.85 | V20: 6.19 | W20: 55.01 | X20: 8.47 | Y20: 2.98 | Z20: 6
A21: =CONCATENATE(F21,"x",(IF(H21=INT(H21),CONCATENATE(H21,",",0),H21))) -> Z160x2,5 | B21: =LEFT(G21,3) -> 160 | C21: =VALUE(MID(G21,(SEARCH("/",G21,1)+1),(SEARCH("/",G21,(SEARCH("/",G21,1)+1))-SEARCH("/",G21,1)-1))) -> 59.5 | D21: =VALUE(MID(G21,(SEARCH("/",G21,(SEARCH("/",G21,1)+1))+1),(SEARCH("/",G21,SEARCH("/",G21,(SEARCH("/",G21,1)+1))+1))-(SEARCH("/",G21,(SEARCH("/",G21,1)+1))+1))) -> 65.5 | E21: =VALUE(MID(G21,(SEARCH("/",G21,SEARCH("/",G21,(SEARCH("/",G21,1)+1))+1)+1),4)) -> 21 | F21: =CONCATENATE("Z",LEFT(G21,3)) -> Z160 | G21: 160/59,5/65,5/21 | H21: 2.5 | I21: 6.04 | J21: 6.48 | K21: 2.55 | L21: 7.69 | M21: 300.24 | N21: 36.82 | O21: 6.24 | P21: 7.85 | Q21: 7.69 | R21: 300.24 | S21: 36.82 | T21: 6.24 | U21: 7.85 | V21: 7.7 | W21: 67.6 | X21: 10.36 | Y21: 2.96 | Z21: 5.98
A22: =CONCATENATE(F22,"x",(IF(H22=INT(H22),CONCATENATE(H22,",",0),H22))) -> Z160x3,0 | B22: =LEFT(G22,3) -> 160 | C22: =VALUE(MID(G22,(SEARCH("/",G22,1)+1),(SEARCH("/",G22,(SEARCH("/",G22,1)+1))-SEARCH("/",G22,1)-1))) -> 59.5 | D22: =VALUE(MID(G22,(SEARCH("/",G22,(SEARCH("/",G22,1)+1))+1),(SEARCH("/",G22,SEARCH("/",G22,(SEARCH("/",G22,1)+1))+1))-(SEARCH("/",G22,(SEARCH("/",G22,1)+1))+1))) -> 65.5 | E22: =VALUE(MID(G22,(SEARCH("/",G22,SEARCH("/",G22,(SEARCH("/",G22,1)+1))+1)+1),4)) -> 22 | F22: =CONCATENATE("Z",LEFT(G22,3)) -> Z160 | G22: 160/59,5/65,5/22 | H22: 3 | I22: 7.24 | J22: 8.25 | K22: 2.47 | L22: 9.22 | M22: 356.55 | N22: 43.73 | O22: 6.21 | P22: 7.85 | Q22: 9.22 | R22: 356.55 | S22: 43.73 | T22: 6.21 | U22: 7.85 | V22: 9.07 | W22: 78.95 | X22: 12.34 | Y22: 2.95 | Z22: 5.9
... A48: =CONCATENATE(F48,"x",(IF(H48=INT(H48),CONCATENATE(H48,",",0),H48))) -> Z400x4,0 | B48: =LEFT(G48,3) -> 400 | C48: =VALUE(MID(G48,(SEARCH("/",G48,1)+1),(SEARCH("/",G48,(SEARCH("/",G48,1)+1))-SEARCH("/",G48,1)-1))) -> 89 | D48: =VALUE(MID(G48,(SEARCH("/",G48,(SEARCH("/",G48,1)+1))+1),(SEARCH("/",G48,SEARCH("/",G48,(SEARCH("/",G48,1)+1))+1))-(SEARCH("/",G48,(SEARCH("/",G48,1)+1))+1))) -> 97 | E48: =VALUE(MID(G48,(SEARCH("/",G48,SEARCH("/",G48,(SEARCH("/",G48,1)+1))+1)+1),4)) -> 31.5 | F48: =CONCATENATE("Z",LEFT(G48,3)) -> Z400 | G48: 400/89/97/31,5 | H48: 4 | I48: 19.55 | J48: 16.56 | K48: 3.05 | L48: 24.9 | M48: 5491.68 | N48: 271.13 | O48: 14.84 | P48: 19.75 | Q48: 24.9 | R48: 5491.68 | S48: 271.13 | T48: 14.84 | U48: 19.75 | V48: 24.91 | W48: 359.6 | X48: 36.88 | Y48: 3.79 | Z48: 8.85

Sheet Z_R_350
A1: 350
A2: =Сводная!A19 -> Z250x2,5 | B2: =INDEX(B11:B48,MATCH($A$2,$A$11:$A$48)) -> 250 | C2: =INDEX(C11:C48,MATCH($A$2,$A$11:$A$48)) -> 68 | D2: =INDEX(D11:D48,MATCH($A$2,$A$11:$A$48)) -> 79 | E2: =INDEX(E11:E48,MATCH($A$2,$A$11:$A$48)) -> 22 | F2: =INDEX(F11:F48,MATCH($A$2,$A$11:$A$48)) -> Z250 | G2: =INDEX(G11:G48,MATCH($A$2,$A$11:$A$48)) -> 250/68/79/22 | H2: =INDEX(H11:H48,MATCH($A$2,$A$11:$A$48)) -> 2.5 | I2: =INDEX(I11:I48,MATCH($A$2,$A$11:$A$48)) -> 8.28 | ... Z2: =INDEX(Z11:Z48,MATCH($A$2,$A$11:$A$48)) -> 6.91
A4: Наименование | B4: Стенка H | C4: Полка B1 | D4: Полка B2 | E4: Отгибы С | F4: Сечение профиля | H4: Толщина металла t, мм | I4: Масса 1 п.м. | J4: Расчетные справочные величины для профилей при продольном сжатии | L4: Расчетные справочные величины при изгибе
L5: В плоскости х - х | V5: В плоскости у - у
L6: Сжата полка В1 | Q6: Сжата полка В2
F7: Тип | G7: Н/В1/В2/С, мм | J7: Площадь сечения | K7: Радиус инерции | L7: Площадь сечения | M7: Момент инерции | N7: Момент сопр-я | O7: Радиус инерции | P7: Полож-е ц.т. | Q7: Площадь сечения | R7: Момент инерции | S7: Момент сопр-я | T7: Радиус инерции | U7: Полож-е ц.т. | V7: Площадь сечения | W7: Момент инерции | X7: Момент сопр-я | Y7: Радиус инерции | Z7: Полож-е ц.т.
J9: Fp, | K9: rmin, | L9: Fp, | M9: Jx, | N9: Wx, | O9: rx, | P9: y0, | Q9: Fp, | R9: Jx, | S9: Wx, | T9: rx, | U9: y0, | V9: Fp, | W9: Jy, | X9: Wy, | Y9: ry, | Z9: x0,
I10: кг | J10: см2 | K10: см | L10: см2 | M10: см4 | N10: см3 | O10: см | P10: см | Q10: см2 | R10: см4 | S10: см3 | T10: см | U10: см | V10: см2 | W10: см4 | X10: см3 | Y10: см | Z10: см
A11: =CONCATENATE(F11,"x",(IF(H11=INT(H11),CONCATENATE(H11,",",0),H11))) -> Z140x1,0 | B11: =LEFT(G11,3) -> 140 | C11: =VALUE(MID(G11,(SEARCH("/",G11,1)+1),(SEARCH("/",G11,(SEARCH("/",G11,1)+1))-SEARCH("/",G11,1)-1))) -> 59.5 | D11: =VALUE(MID(G11,(SEARCH("/",G11,(SEARCH("/",G11,1)+1))+1),(SEARCH("/",G11,SEARCH("/",G11,(SEARCH("/",G11,1)+1))+1))-(SEARCH("/",G11,(SEARCH("/",G11,1)+1))+1))) -> 65.5 | E11: =VALUE(MID(G11,(SEARCH("/",G11,SEARCH("/",G11,(SEARCH("/",G11,1)+1))+1)+1),4)) -> 20 | F11: =CONCATENATE("Z",LEFT(G11,3)) -> Z140 | G11: 140/59,5/65,5/20 | H11: 1 | I11: 2.38 | J11: 1.48 | K11: 3.03 | L11: 2.52 | M11: 77.92 | N11: 9.77 | O11: 5.55 | P11: 6.03 | Q11: 2.48 | R11: 76.16 | S11: 9.75 | T11: 5.54 | U11: 7.81 | V11: 2.65 | W11: 23.28 | X11: 3.44 | Y11: 2.96 | Z11: 5.64
A12: =CONCATENATE(F12,"x",(IF(H12=INT(H12),CONCATENATE(H12,",",0),H12))) -> Z140x1,2 | B12: =LEFT(G12,3) -> 140 | C12: =VALUE(MID(G12,(SEARCH("/",G12,1)+1),(SEARCH("/",G12,(SEARCH("/",G12,1)+1))-SEARCH("/",G12,1)-1))) -> 59.5 | D12: =VALUE(MID(G12,(SEARCH("/",G12,(SEARCH("/",G12,1)+1))+1),(SEARCH("/",G12,SEARCH("/",G12,(SEARCH("/",G12,1)+1))+1))-(SEARCH("/",G12,(SEARCH("/",G12,1)+1))+1))) -> 65.5 | E12: =VALUE(MID(G12,(SEARCH("/",G12,SEARCH("/",G12,(SEARCH("/",G12,1)+1))+1)+1),4)) -> 20 | F12: =CONCATENATE("Z",LEFT(G12,3)) -> Z140 | G12: 140/59,5/65,5/20 | H12: 1.2 | I12: 2.83 | J12: 2.06 | K12: 2.98 | L12: 3.22 | M12: 99.35 | N12: 13.02 | O12: 5.55 | P12: 6.37 | Q12: 3.16 | R12: 97.15 | S12: 13.02 | T12: 5.54 | U12: 7.46 | V12: 3.26 | W12: 29.86 | X12: 4.51 | Y12: 3.02 | Z12: 5.77
A13: =CONCATENATE(F13,"x",(IF(H13=INT(H13),CONCATENATE(H13,",",0),H13))) -> Z140x1,5 | B13: =LEFT(G13,3) -> 140 | C13: =VALUE(MID(G13,(SEARCH("/",G13,1)+1),(SEARCH("/",G13,(SEARCH("/",G13,1)+1))-SEARCH("/",G13,1)-1))) -> 59.5 | D13: =VALUE(MID(G13,(SEARCH("/",G13,(SEARCH("/",G13,1)+1))+1),(SEARCH("/",G13,SEARCH("/",G13,(SEARCH("/",G13,1)+1))+1))-(SEARCH("/",G13,(SEARCH("/",G13,1)+1))+1))) -> 65.5 | E13: =VALUE(MID(G13,(SEARCH("/",G13,SEARCH("/",G13,(SEARCH("/",G13,1)+1))+1)+1),4)) -> 20 | F13: =CONCATENATE("Z",LEFT(G13,3)) -> Z140 | G13: 140/59,5/65,5/20 | H13: 1.5 | I13: 3.42 | J13: 3.04 | K13: 2.96 | L13: 4.29 | M13: 131.94 | N13: 18.16 | O13: 5.54 | P13: 6.74 | Q13: 4.22 | R13: 129.28 | S13: 18.26 | T13: 5.52 | U13: 7.07 | V13: 4.35 | W13: 41.72 | X13: 6.49 | Y13: 3.1 | Z13: 6.04
A14: =CONCATENATE(F14,"x",(IF(H14=INT(H14),CONCATENATE(H14,",",0),H14))) -> Z140x2,0 | B14: =LEFT(G14,3) -> 140 | C14: =VALUE(MID(G14,(SEARCH("/",G14,1)+1),(SEARCH("/",G14,(SEARCH("/",G14,1)+1))-SEARCH("/",G14,1)-1))) -> 59.5 | D14: =VALUE(MID(G14,(SEARCH("/",G14,(SEARCH("/",G14,1)+1))+1),(SEARCH("/",G14,SEARCH("/",G14,(SEARCH("/",G14,1)+1))+1))-(SEARCH("/",G14,(SEARCH("/",G14,1)+1))+1))) -> 65.5 | E14: =VALUE(MID(G14,(SEARCH("/",G14,SEARCH("/",G14,(SEARCH("/",G14,1)+1))+1)+1),4)) -> 20.5 | F14: =CONCATENATE("Z",LEFT(G14,3)) -> Z140 | G14: 140/59,5/65,5/20,5 | H14: 2 | I14: 4.54 | J14: 4.66 | K14: 2.82 | L14: 5.78 | M14: 178.2 | N14: 24.94 | O14: 5.54 | P14: 6.86 | Q14: 5.78 | R14: 178.2 | S14: 24.94 | T14: 5.54 | U14: 6.86 | V14: 5.79 | W14: 54.95 | X14: 8.48 | Y14: 3.08 | Z14: 6.01
A15: =CONCATENATE(F15,"x",(IF(H15=INT(H15),CONCATENATE(H15,",",0),H15))) -> Z140x2,5 | B15: =LEFT(G15,3) -> 140 | C15: =VALUE(MID(G15,(SEARCH("/",G15,1)+1),(SEARCH("/",G15,(SEARCH("/",G15,1)+1))-SEARCH("/",G15,1)-1))) -> 59.5 | D15: =VALUE(MID(G15,(SEARCH("/",G15,(SEARCH("/",G15,1)+1))+1),(SEARCH("/",G15,SEARCH("/",G15,(SEARCH("/",G15,1)+1))+1))-(SEARCH("/",G15,(SEARCH("/",G15,1)+1))+1))) -> 65.5 | E15: =VALUE(MID(G15,(SEARCH("/",G15,SEARCH("/",G15,(SEARCH("/",G15,1)+1))+1)+1),4)) -> 21 | F15: =CONCATENATE("Z",LEFT(G15,3)) -> Z140 | G15: 140/59,5/65,5/21 | H15: 2.5 | I15: 5.65 | J15: 6.19 | K15: 2.71 | L15: 7.19 | M15: 219.52 | N15: 30.73 | O15: 5.52 | P15: 6.86 | Q15: 7.19 | R15: 219.52 | S15: 30.73 | T15: 5.52 | U15: 6.86 | V15: 7.2 | W15: 67.59 | X15: 10.38 | Y15: 3.06 | Z15: 5.99
A16: =CONCATENATE(F16,"x",(IF(H16=INT(H16),CONCATENATE(H16,",",0),H16))) -> Z140x3,0 | B16: =LEFT(G16,3) -> 140 | C16: =VALUE(MID(G16,(SEARCH("/",G16,1)+1),(SEARCH("/",G16,(SEARCH("/",G16,1)+1))-SEARCH("/",G16,1)-1))) -> 59.5 | D16: =VALUE(MID(G16,(SEARCH("/",G16,(SEARCH("/",G16,1)+1))+1),(SEARCH("/",G16,SEARCH("/",G16,(SEARCH("/",G16,1)+1))+1))-(SEARCH("/",G16,(SEARCH("/",G16,1)+1))+1))) -> 65.5 | E16: =VALUE(MID(G16,(SEARCH("/",G16,SEARCH("/",G16,(SEARCH("/",G16,1)+1))+1)+1),4)) -> 22 | F16: =CONCATENATE("Z",LEFT(G16,3)) -> Z140 | G16: 140/59,5/65,5/22 | H16: 3 | I16: 6.77 | J16: 7.84 | K16: 2.63 | L16: 8.62 | M16: 260.29 | N16: 36.44 | O16: 5.49 | P16: 6.86 | Q16: 8.62 | R16: 260.29 | S16: 36.44 | T16: 5.49 | U16: 6.86 | V16: 8.6 | W16: 80.51 | X16: 12.36 | Y16: 3.06 | Z16: 5.96
A17: =CONCATENATE(F17,"x",(IF(H17=INT(H17),CONCATENATE(H17,",",0),H17))) -> Z160x1,0 | B17: =LEFT(G17,3) -> 160 | C17: =VALUE(MID(G17,(SEARCH("/",G17,1)+1),(SEARCH("/",G17,(SEARCH("/",G17,1)+1))-SEARCH("/",G17,1)-1))) -> 59.5 | D17: =VALUE(MID(G17,(SEARCH("/",G17,(SEARCH("/",G17,1)+1))+1),(SEARCH("/",G17,SEARCH("/",G17,(SEARCH("/",G17,1)+1))+1))-(SEARCH("/",G17,(SEARCH("/",G17,1)+1))+1))) -> 65.5 | E17: =VALUE(MID(G17,(SEARCH("/",G17,SEARCH("/",G17,(SEARCH("/",G17,1)+1))+1)+1),4)) -> 20 | F17: =CONCATENATE("Z",LEFT(G17,3)) -> Z160 | G17: 160/59,5/65,5/20 | H17: 1 | I17: 2.54 | J17: 1.49 | K17: 2.91 | L17: 2.63 | M17: 104.38 | N17: 11.32 | O17: 6.29 | P17: 6.78 | Q17: 2.58 | R17: 102.18 | S17: 11.3 | T17: 6.28 | U17: 9.04 | V17: 2.85 | W17: 23.3 | X17: 3.45 | Y17: 2.85 | Z17: 5.65
A18: =CONCATENATE(F18,"x",(IF(H18=INT(H18),CONCATENATE(H18,",",0),H18))) -> Z160x1,2 | B18: =LEFT(G18,3) -> 160 | C18: =VALUE(MID(G18,(SEARCH("/",G18,1)+1),(SEARCH("/",G18,(SEARCH("/",G18,1)+1))-SEARCH("/",G18,1)-1))) -> 59.5 | D18: =VALUE(MID(G18,(SEARCH("/",G18,(SEARCH("/",G18,1)+1))+1),(SEARCH("/",G18,SEARCH("/",G18,(SEARCH("/",G18,1)+1))+1))-(SEARCH("/",G18,(SEARCH("/",G18,1)+1))+1))) -> 65.5 | E18: =VALUE(MID(G18,(SEARCH("/",G18,SEARCH("/",G18,(SEARCH("/",G18,1)+1))+1)+1),4)) -> 20 | F18: =CONCATENATE("Z",LEFT(G18,3)) -> Z160 | G18: 160/59,5/65,5/20 | H18: 1.2 | I18: 3.02 | J18: 2.06 | K18: 2.87 | L18: 3.34 | M18: 133.23 | N18: 15.08 | O18: 6.3 | P18: 7.17 | Q18: 3.29 | R18: 130.5 | S18: 15.08 | T18: 6.29 | U18: 8.65 | V18: 3.5 | W18: 29.86 | X18: 4.51 | Y18: 2.91 | Z18: 5.77
A19: =CONCATENATE(F19,"x",(IF(H19=INT(H19),CONCATENATE(H19,",",0),H19))) -> Z160x1,5 | B19: =LEFT(G19,3) -> 160 | C19: =VALUE(MID(G19,(SEARCH("/",G19,1)+1),(SEARCH("/",G19,(SEARCH("/",G19,1)+1))-SEARCH("/",G19,1)-1))) -> 59.5 | D19: =VALUE(MID(G19,(SEARCH("/",G19,(SEARCH("/",G19,1)+1))+1),(SEARCH("/",G19,SEARCH("/",G19,(SEARCH("/",G19,1)+1))+1))-(SEARCH("/",G19,(SEARCH("/",G19,1)+1))+1))) -> 65.5 | E19: =VALUE(MID(G19,(SEARCH("/",G19,SEARCH("/",G19,(SEARCH("/",G19,1)+1))+1)+1),4)) -> 20 | F19: =CONCATENATE("Z",LEFT(G19,3)) -> Z160 | G19: 160/59,5/65,5/20 | H19: 1.5 | I19: 3.66 | J19: 3.05 | K19: 2.84 | L19: 4.47 | M19: 177.56 | N19: 21.14 | O19: 6.29 | P19: 7.6 | Q19: 4.45 | R19: 174.87 | S19: 21.4 | T19: 6.26 | U19: 8.16 | V19: 4.65 | W19: 41.73 | X19: 6.48 | Y19: 3 | Z19: 6.03
A20: =CONCATENATE(F20,"x",(IF(H20=INT(H20),CONCATENATE(H20,",",0),H20))) -> Z160x2,0 | B20: =LEFT(G20,3) -> 160 | C20: =VALUE(MID(G20,(SEARCH("/",G20,1)+1),(SEARCH("/",G20,(SEARCH("/",G20,1)+1))-SEARCH("/",G20,1)-1))) -> 59.5 | D20: =VALUE(MID(G20,(SEARCH("/",G20,(SEARCH("/",G20,1)+1))+1),(SEARCH("/",G20,SEARCH("/",G20,(SEARCH("/",G20,1)+1))+1))-(SEARCH("/",G20,(SEARCH("/",G20,1)+1))+1))) -> 65.5 | E20: =VALUE(MID(G20,(SEARCH("/",G20,SEARCH("/",G20,(SEARCH("/",G20,1)+1))+1)+1),4)) -> 20.5 | F20: =CONCATENATE("Z",LEFT(G20,3)) -> Z160 | G20: 160/59,5/65,5/20,5 | H20: 2 | I20: 4.86 | J20: 4.7 | K20: 2.71 | L20: 6.18 | M20: 243.39 | N20: 29.85 | O20: 6.27 | P20: 7.85 | Q20: 6.18 | R20: 243.39 | S20: 29.85 | T20: 6.27 | U20: 7.85 | V20: 6.19 | W20: 55.01 | X20: 8.47 | Y20: 2.98 | Z20: 6
